-- phpMyAdmin SQL Dump
-- version 4.6.6
-- https://www.phpmyadmin.net/
--
-- Host: localhost
-- Generation Time: 2017-09-09 01:19:48
-- 服务器版本： 5.7.17
-- PHP Version: 5.5.36

SET SQL_MODE = "NO_AUTO_VALUE_ON_ZERO";
SET time_zone = "+00:00";


/*!40101 SET @OLD_CHARACTER_SET_CLIENT=@@CHARACTER_SET_CLIENT */;
/*!40101 SET @OLD_CHARACTER_SET_RESULTS=@@CHARACTER_SET_RESULTS */;
/*!40101 SET @OLD_COLLATION_CONNECTION=@@COLLATION_CONNECTION */;
/*!40101 SET NAMES utf8mb4 */;

--
-- Database: `massage`
--

-- --------------------------------------------------------

--
-- 表的结构 `madmin`
--

CREATE TABLE `madmin` (
  `id` int(11) NOT NULL,
  `internal_id` varchar(255) COLLATE utf8_unicode_ci NOT NULL,
  `admin_email` varchar(255) COLLATE utf8_unicode_ci NOT NULL,
  `admin_username` varchar(255) COLLATE utf8_unicode_ci NOT NULL,
  `admin_password` varchar(255) COLLATE utf8_unicode_ci NOT NULL,
  `encryption_method` varchar(30) COLLATE utf8_unicode_ci NOT NULL,
  `salt` varchar(255) COLLATE utf8_unicode_ci DEFAULT NULL,
  `indication` varchar(255) COLLATE utf8_unicode_ci NOT NULL,
  `slug` varchar(255) COLLATE utf8_unicode_ci NOT NULL,
  `token` varchar(255) COLLATE utf8_unicode_ci NOT NULL,
  `last_connected` datetime DEFAULT NULL,
  `allowed_ip` tinyblob,
  `created` datetime NOT NULL,
  `updated` datetime NOT NULL
) ENGINE=InnoDB DEFAULT CHARSET=utf8 COLLATE=utf8_unicode_ci;

-- --------------------------------------------------------

--
-- 表的结构 `mcategory`
--

CREATE TABLE `mcategory` (
  `id` int(3) NOT NULL,
  `category_zh` varchar(20) CHARACTER SET utf8 COLLATE utf8_unicode_ci NOT NULL,
  `category_en` varchar(50) CHARACTER SET utf8 COLLATE utf8_unicode_ci NOT NULL,
  `category_fr` varchar(50) CHARACTER SET utf8 COLLATE utf8_unicode_ci NOT NULL,
  `is_deleted` tinyint(1) DEFAULT '0',
  `is_defaut` tinyint(1) DEFAULT '1',
  `score` int(3) NOT NULL,
  `internal_id` varchar(255) CHARACTER SET utf8 COLLATE utf8_unicode_ci NOT NULL,
  `slug` varchar(255) CHARACTER SET utf8 COLLATE utf8_unicode_ci NOT NULL,
  `created` datetime NOT NULL,
  `updated` datetime NOT NULL
) ENGINE=InnoDB DEFAULT CHARSET=utf8;

--
-- 转存表中的数据 `mcategory`
--

INSERT INTO `mcategory` (`id`, `category_zh`, `category_en`, `category_fr`, `is_deleted`, `is_defaut`, `score`, `internal_id`, `slug`, `created`, `updated`) VALUES
(1, '按摩', 'Massage', 'Massage', 0, 1, 100, 'QLofbpsEfGZXAZJfKFtnntqoC0TQGY9t20170908235053.4650880', 'massge', '2017-09-08 23:50:00', '2017-09-08 23:50:00'),
(2, '美食', 'restaurant', 'restaurant', 0, 0, 50, 'XySz1LGHaoHINm1bthF41TvccXHgs4ph20170909002104.4896100', 'restaurant', '2017-09-09 00:21:00', '2017-09-09 00:21:00'),
(3, '旅游', 'Travel', 'Voyage', 0, 0, 49, 'rfTHLT10xfQKnweQjs0oN2qIll3H473w20170909003104.9911400', 'travel', '2017-09-09 00:31:00', '2017-09-09 00:31:00'),
(4, '小旅馆', 'Hotel', 'Hotel', 0, 0, 48, 'iPwwvc8290spVBj4Zaj8d6cDIS1pgKBn20170909003205.3652410', 'hotel', '2017-09-09 00:32:00', '2017-09-09 00:32:00');

-- --------------------------------------------------------

--
-- 表的结构 `mcountry`
--

CREATE TABLE `mcountry` (
  `id` int(11) NOT NULL,
  `country_zh` varchar(20) COLLATE utf8_unicode_ci NOT NULL,
  `country_fr` varchar(50) COLLATE utf8_unicode_ci NOT NULL,
  `country_en` varchar(50) COLLATE utf8_unicode_ci NOT NULL,
  `internal_id` varchar(255) COLLATE utf8_unicode_ci NOT NULL,
  `slug` varchar(255) COLLATE utf8_unicode_ci NOT NULL
) ENGINE=InnoDB DEFAULT CHARSET=utf8 COLLATE=utf8_unicode_ci;

--
-- 转存表中的数据 `mcountry`
--

INSERT INTO `mcountry` (`id`, `country_zh`, `country_fr`, `country_en`, `internal_id`, `slug`) VALUES
(1, '法国', 'France', 'France', 'D5eT9FbxU5mwrzmL8RzNwicGHdQlwute', 'france'),
(2, '德国', 'Allemagne', 'germany', 'Q425MnhBi6I94N1pVzwwGA8RcoGs9hoB', 'germany'),
(3, '英国', 'Angleterre', 'England', 'GseYXbVBiHVAlFbqb5Ur5RSlXKc9iAcF', 'england'),
(4, '意大利', 'Italie', 'Italy', 'Ci7r1moBqGi381LGjuK7fdY7jNNP8JHl', 'italy'),
(5, '西班牙', 'Espagne', 'Spain', '3zy9yUxT02CLTgT2fG4kc9bnsn0jD7wu', 'spain'),
(6, '荷兰', 'Pays-Bas', 'Hollande', '4OjdgOfuYLiooCcsMvK74bjiK2LIINKW', 'hollande'),
(7, '比利时', 'Belgique', 'Belgium', 'SCEW3iq0aOnA99Z8txQb5y9ijo5AhDEy', 'belgium'),
(8, '瑞士', 'Suisse', 'Swiss', 'bnE9DxpXUDsTEK9wBT9uaHfs8hyraDe0', 'swiss');

-- --------------------------------------------------------

--
-- 表的结构 `mdraft`
--

CREATE TABLE `mdraft` (
  `id` int(11) NOT NULL,
  `other_web` varchar(255) COLLATE utf8_unicode_ci DEFAULT NULL,
  `link` varchar(255) COLLATE utf8_unicode_ci NOT NULL,
  `link_id` varchar(255) COLLATE utf8_unicode_ci DEFAULT NULL,
  `content` text COLLATE utf8_unicode_ci NOT NULL,
  `is_zh` tinyint(1) DEFAULT NULL,
  `is_fr` tinyint(1) DEFAULT NULL,
  `is_en` tinyint(1) DEFAULT NULL,
  `is_new_content` tinyint(1) DEFAULT NULL,
  `is_updated_content` tinyint(1) DEFAULT NULL,
  `is_read` tinyint(1) DEFAULT NULL,
  `is_deleted` tinyint(1) DEFAULT NULL,
  `deleted_by_user_id` int(11) DEFAULT NULL,
  `slug` varchar(255) COLLATE utf8_unicode_ci NOT NULL,
  `internal_id` varchar(255) COLLATE utf8_unicode_ci NOT NULL,
  `category_id` int(3) DEFAULT NULL,
  `created` datetime NOT NULL,
  `updated` datetime NOT NULL
) ENGINE=InnoDB DEFAULT CHARSET=utf8 COLLATE=utf8_unicode_ci;

-- --------------------------------------------------------

--
-- 表的结构 `mip`
--

CREATE TABLE `mip` (
  `id` int(255) NOT NULL,
  `ip` varchar(255) COLLATE utf8_unicode_ci NOT NULL,
  `user_id` int(255) NOT NULL,
  `is_allowed` tinyint(1) NOT NULL,
  `is_blacked` tinyint(1) NOT NULL,
  `created` datetime NOT NULL,
  `updated` datetime NOT NULL
) ENGINE=InnoDB DEFAULT CHARSET=utf8 COLLATE=utf8_unicode_ci;

-- --------------------------------------------------------

--
-- 表的结构 `mlocation`
--

CREATE TABLE `mlocation` (
  `id` int(11) NOT NULL,
  `country_id` int(11) NOT NULL,
  `city_zh` varchar(20) COLLATE utf8_unicode_ci DEFAULT NULL,
  `city_fr` varchar(50) COLLATE utf8_unicode_ci DEFAULT NULL,
  `city_en` varchar(50) COLLATE utf8_unicode_ci DEFAULT NULL,
  `post_number` varchar(11) COLLATE utf8_unicode_ci NOT NULL,
  `post_number_zh` varchar(10) COLLATE utf8_unicode_ci NOT NULL,
  `internal_id` varchar(255) COLLATE utf8_unicode_ci NOT NULL,
  `slug` varchar(255) COLLATE utf8_unicode_ci NOT NULL
) ENGINE=InnoDB DEFAULT CHARSET=utf8 COLLATE=utf8_unicode_ci;

--
-- 转存表中的数据 `mlocation`
--

INSERT INTO `mlocation` (`id`, `country_id`, `city_zh`, `city_fr`, `city_en`, `post_number`, `post_number_zh`, `internal_id`, `slug`) VALUES
(1, 1, '巴黎', 'Paris', 'Paris', '75001', '1区', 'UxlRkRaeQhol8PcPJsgKJCW4n5qFVOUC', 'paris75001'),
(2, 1, '巴黎', 'Paris', 'Paris', '75002', '2区', 'lyubwVnPn0An1BG2woXgCFBw63GUGQLf', 'paris75002'),
(3, 1, '巴黎', 'Paris', 'Paris', '75003', '3区', 'ucVZ0fCJuTfE5iHzJXIqajjLPUeMVILm', 'paris75003'),
(4, 1, '巴黎', 'Paris', 'Paris', '75004', '4区', 'zjbO0km5vLBSnsThP6D1wPpDrPGGTuDz', 'paris75004'),
(5, 1, '巴黎', 'Paris', 'Paris', '75005', '5区', 'hiavb52z1lHH44JjbC6May890hcnmAeS', 'paris75005'),
(6, 1, '巴黎', 'Paris', 'Paris', '75006', '6区', 'YFuvuLxkhOny8uKzzHNdZbDv1lWZ0K9N', 'paris75006'),
(7, 1, '巴黎', 'Paris', 'Paris', '75007', '7区', 's08vGKVP0smtrnSAzCRinNJpAY65l5sY', 'paris75007'),
(8, 1, '巴黎', 'Paris', 'Paris', '75008', '8区', '47AlEkYmNeEkWC1ra5RaMxBjbTl8LV30', 'paris75008'),
(9, 1, '巴黎', 'Paris', 'Paris', '75009', '9区', 'jQ9TvSq9JXir0x7cH9fQztl91hEMnoFi', 'paris75009'),
(10, 1, '巴黎', 'Paris', 'Paris', '75010', '10区', 'ILtrXSp9xVpdKR447SbO0n5rqygcFmRw', 'paris75010'),
(11, 1, '巴黎', 'Paris', 'Paris', '75011', '11区', 'TKpQe35LSrp6Xyxrcr1pxceVDyPPyjZh', 'paris75011'),
(12, 1, '巴黎', 'Paris', 'Paris', '75012', '12区', 'chI6DMjOyf2iDEFRCkEiSrFQpNi5Tz06', 'paris75012'),
(13, 1, '巴黎', 'Paris', 'Paris', '75013', '13区', 'mbEmMsr1nXP8rxfrQmW1PFCN83tidpOq', 'paris75013'),
(14, 1, '巴黎', 'Paris', 'Paris', '75014', '14区', '99Ec0NO958grjhk7abdK2mKIq7HhMuLv', 'paris75014'),
(15, 1, '巴黎', 'Paris', 'Paris', '75015', '15区', 'MBeJyEB64FlPRqiOBg1vCz0HCtHH02bW', 'paris75015'),
(16, 1, '巴黎', 'Paris', 'Paris', '75016', '16区', 'ICeLTdaZxdtTKLRZbLwZeUM1vWQb4cgy', 'paris75016'),
(17, 1, '巴黎', 'Paris', 'Paris', '75017', '17区', 'zbUS004nXlQc4GxGVdVVaSVttFPcYsLe', 'paris75017'),
(18, 1, '巴黎', 'Paris', 'Paris', '75018', '18区', 'CXhb9LPOM6J1BO4jDkJ6qJXlIHoQ5uaq', 'paris75018'),
(19, 1, '巴黎', 'Paris', 'Paris', '75019', '19区', 'j9SEeTiVxMQyxo7TCNC0ZIWHaaILdf0f', 'paris75019'),
(20, 1, '巴黎', 'Paris', 'Paris', '75020', '20区', 'zYLqdw718tVhQdEbfHXXO5VhYeCY0ohS', 'paris75020'),
(21, 1, '巴黎', 'Paris', 'Paris', '75', '小巴黎市内', 'zYLqdw718tVhQdEbfHXXO5VhYeCY0ohS', 'paris75');

-- --------------------------------------------------------

--
-- 表的结构 `mmessage`
--

CREATE TABLE `mmessage` (
  `id` int(11) NOT NULL,
  `user_id` int(11) NOT NULL,
  `internal_id` varchar(255) COLLATE utf8_unicode_ci NOT NULL,
  `category_id` int(3) DEFAULT NULL,
  `content` text COLLATE utf8_unicode_ci NOT NULL,
  `is_zh` tinyint(1) DEFAULT NULL,
  `is_fr` tinyint(1) DEFAULT NULL,
  `is_en` tinyint(1) DEFAULT NULL,
  `is_deleted` tinyint(1) DEFAULT NULL,
  `deleted_by_user_id` int(11) DEFAULT NULL,
  `created` datetime NOT NULL,
  `updated` datetime NOT NULL
) ENGINE=InnoDB DEFAULT CHARSET=utf8 COLLATE=utf8_unicode_ci;

-- --------------------------------------------------------

--
-- 表的结构 `mpassword`
--

CREATE TABLE `mpassword` (
  `id` int(11) NOT NULL,
  `user_id` int(11) DEFAULT NULL,
  `password` varchar(255) COLLATE utf8_unicode_ci NOT NULL,
  `encryption_method` varchar(30) COLLATE utf8_unicode_ci NOT NULL,
  `salt` varchar(255) COLLATE utf8_unicode_ci DEFAULT NULL,
  `indication` varchar(255) COLLATE utf8_unicode_ci NOT NULL,
  `internal_id` varchar(255) COLLATE utf8_unicode_ci NOT NULL,
  `created` datetime NOT NULL,
  `updated` datetime NOT NULL
) ENGINE=InnoDB DEFAULT CHARSET=utf8 COLLATE=utf8_unicode_ci;

--
-- 转存表中的数据 `mpassword`
--

INSERT INTO `mpassword` (`id`, `user_id`, `password`, `encryption_method`, `salt`, `indication`, `internal_id`, `created`, `updated`) VALUES
(1, 1, '$2y$10$czsZUdBtdKP469864bjtv.772rO75U9jUhDnmwZcYunNOOWAZnsHe', 'bcrypt', NULL, '1******8', 'myR0yBRnW4qM9fiJOgEW2gVrZg0X7lId20170331005405.8702760', '2017-03-31 00:54:05', '2017-03-31 00:54:05'),
(2, 2, '$2y$10$wQZmjquuCj6s3xYdPXOXMOGypvlsSJLHEFBT2VZz.45Oh.dvEz/4m', 'bcrypt', NULL, '1*3', 'NYW21HDnofkFlU7lZCEgsouy2yDsud0b20170401001651.4415860', '2017-04-01 00:16:51', '2017-04-01 00:16:51'),
(3, 3, '$2y$10$QUGZIxWT4hGdV23vft7Gx.scVIWm7WqifaEdoGzDXViwBQI4ih/cO', 'bcrypt', NULL, '1******7', '8zBzatEVY9gdGr5pela79Xi0CrhDnqiB20170401002036.6950310', '2017-04-01 00:20:36', '2017-04-01 00:20:36'),
(4, 4, '$2y$10$Z7VmWju9JcvvV4QISMILTuMpb.uzXzuCk9rcYuVUFvWm39OliZa9m', 'bcrypt', NULL, '1******8', 'MzTEUpQqwM9XOzZdcO6eJttaG3liklFk20170401011414.4848380', '2017-04-01 01:14:14', '2017-04-01 01:14:14'),
(5, 5, '$2y$10$YYFRaXd2ZVyFWEPf0Bx4TuuO457lMGWZ615alUodrBtmm6K6DtdlC', 'bcrypt', NULL, '1******8', 'pOVvNGZdxz2gosSaL5nLtjyLDEQ6enR420170401012433.0718630', '2017-04-01 01:24:33', '2017-04-01 01:24:33'),
(6, 6, '$2y$10$AJ6.HazufUF83Ru7DkyygeAdn4aKD1vLvW3RIeqCeYWNPBxwkTQLi', 'bcrypt', NULL, '1******8', '4T1cpevzZGDkvPwWdK1VUjPmiaULRHfm20170401012550.0389200', '2017-04-01 01:25:50', '2017-04-01 01:25:50'),
(7, 7, '$2y$10$hHLabmkY.tRbpLYECSn7W.1EcobyAMezvuYihbDUy6I/ZUiHpigS2', 'bcrypt', NULL, '1******8', 'U3SBzSDvlZnaqMAjnnOiM0Ql79886lVm20170401014402.0158960', '2017-04-01 01:44:02', '2017-04-01 01:44:02'),
(8, 8, '$2y$10$Eyv3yGE.fgnRDi1lD6FbieZkaHEeFs0Ba.A/8Bud621C.SI39uD06', 'bcrypt', NULL, '1******8', 'E1Wc5S86yHDe0MLwkuMDWW7ZR1cbUV9I20170401014512.6667500', '2017-04-01 01:45:12', '2017-04-01 01:45:12'),
(9, 9, '$2y$10$dhULGMt6gHBtgb5b7wzzyez9rNTqYBRsNo5eGL8pKxB1ucc10s3iO', 'bcrypt', NULL, '1******8', 'JrDR9CBrluu0Nz4DdURJ7hsS9oPlj6Rw20170401014541.9041390', '2017-04-01 01:45:41', '2017-04-01 01:45:41'),
(10, 10, '$2y$10$UBwin6RP7Ce.PK/NpO59MOJL4mYLIrOeAhe2A4J/nxjLvjwWuBr3G', 'bcrypt', NULL, '1******8', 'hAnuzTkCRDo72kql6Mj6uTv3yjDOY9Pn20170401015039.3064440', '2017-04-01 01:50:39', '2017-04-01 01:50:39'),
(11, 11, '$2y$10$bEKNqzO5kwpSKIQyMUD6iu19KsfHnIhC4tiP4WMnpwyG1FKh2Tm2e', 'bcrypt', NULL, '1******8', '7PikmfqFpmSAB3t51fBBzwgAj7mytuHD20170401015104.1702140', '2017-04-01 01:51:04', '2017-04-01 01:51:04'),
(12, 12, '$2y$10$OUlvAxL5qjK7BQPHmNnhKOgacisxC1hd4L7um42hzNUSHnfDwA5cO', 'bcrypt', NULL, '1******8', 'crr4MyhK5PRzSIVvb50nSfZlEccF6Tow20170401015301.4236260', '2017-04-01 01:53:01', '2017-04-01 01:53:01'),
(13, 13, '$2y$10$uy.fLVgtdzGPreOTK8VgpOYVCEcf5GHBXhk6yQTa3K8Zf24xQ0L06', 'bcrypt', NULL, '1******8', 'qLahto6ePpBGrLOMhR9Kj299j4ye5I9L20170401015315.3143070', '2017-04-01 01:53:15', '2017-04-01 01:53:15'),
(14, 14, '$2y$10$9B8sAeuV3G3WgFphvJaGV.uD9RAC73GIgC.U/J.r/Dpi1kuwSLfvO', 'bcrypt', NULL, 'q***********z', 'oGyQSSECQaeI3GUk8A1wASkTC1bt1IUs20170401020222.5859430', '2017-04-01 02:02:22', '2017-04-01 02:02:22'),
(15, 15, '$2y$10$LHT.JJDfUcg4UHnPAgaYw.gZog23dIASdflN.F8bDWPoMrbcbOjp.', 'bcrypt', NULL, '4*********Y', 'ns0r7iQNtscR0IovYAMQYZLXfzvoapGk20170401020340.3198190', '2017-04-01 02:03:40', '2017-04-01 02:03:40'),
(16, 16, '$2y$10$NufEM4U.zWuZhNsZU6eeLuCT8X4Iwr.ps/S78BQvCFxUaY5LaPcbe', 'bcrypt', NULL, '4********************,', 'Wi7vEaX0lneIVPepHyPkDkvZngjcCqt720170401020429.6795920', '2017-04-01 02:04:29', '2017-04-01 02:04:29'),
(17, 17, '$2y$10$Ry.HLbI8aSyBARDwaJkJ3.yt/.oD8DcVDSoQ2EiiXK./VpSf/cON6', 'bcrypt', NULL, 'd********2', 'Q8Xczz3K9Cf1mh69v2xN58gxpX8AqN1k20170401155328.0673440', '2017-04-01 15:53:28', '2017-04-01 15:53:28'),
(18, 18, '$2y$10$E9/mD0d7e5yZANfabD3YcOFkKfAdCAcY5tg81BzwE4W0VKpURl2mq', 'bcrypt', NULL, 'd********2', '6V07Yga1pOGPn1EwdtPxM0a52F26QwSR20170401155600.8094300', '2017-04-01 15:56:00', '2017-04-01 15:56:00'),
(19, 19, '$2y$10$4Zcgmawir8Y9sGP9JsNgFO6bW6IdzU5WQkm./aZVokQOaZiQ8a4Ai', 'bcrypt', NULL, 'd********2', 'CmqX3PyoXi8o9emGcUBXiOJvFhoOV0G420170401155747.0898850', '2017-04-01 15:57:47', '2017-04-01 15:57:47'),
(20, 20, '$2y$10$2K7Pkhkth5928amxOyF9g.feToSRuozzsDeO6vlW1BCjHjDEskfrW', 'bcrypt', NULL, 'd********2', '3SsN7mTF41YEmBWIr9ZwgNjIwU5vgOBk20170401161210.4076940', '2017-04-01 16:12:10', '2017-04-01 16:12:10'),
(21, 21, '$2y$10$WCU0X11NOqwlyZAdV4ThM.JRcaB2F/dcsJZry3BQDaU6QQZ4pofNK', 'bcrypt', NULL, 'd********2', '7B4LItVQ9uYtCukTAs8ISszIPVVVgAy320170401164742.7153870', '2017-04-01 16:47:42', '2017-04-01 16:47:42'),
(22, 22, '$2y$10$iC9J3Nd.dJbIuoubWd.Caey3AhFbfXauTa5sAntfkGbcBRMRvOJme', 'bcrypt', NULL, 'd********2', 'gQDGlOmspVu2xmNYb5pyxTf2k1SOxoqU20170401165141.5746150', '2017-04-01 16:51:41', '2017-04-01 16:51:41'),
(23, 23, '$2y$10$jkk104fyb5OQsFz7jiuqGOKwaqDMCyHHz4A6iBN4D0pGtN8KkdYUq', 'bcrypt', NULL, 'd********2', 'qMoxoSH5BNYJQnva56CYmJU9kBIZQsph20170401165629.8594100', '2017-04-01 16:56:29', '2017-04-01 16:56:29'),
(24, 24, '$2y$10$p1G8DL5zO9OTHZNt//504uKf0wr/oZ8tYLtHyYt0ELXcGXDvGY7iW', 'bcrypt', NULL, 'q***********0', 'mxj7ijjPWCgJRcImXQhBHlbKpvvZRR3s20170402165929.8234990', '2017-04-02 16:59:29', '2017-04-02 16:59:29'),
(25, 24, '$2y$10$IGEXMbi40NbbesIothqT0Oxy2OOFsSnbX6TvMmuqzhDLiEvGoTzr6', 'bcrypt', NULL, 'q************0', 'CP57hx6t9mfORiR3cParoZuoR4qvBvz320170402234341.0045260', '2017-04-02 23:43:41', '2017-04-02 23:43:41'),
(26, 24, '$2y$10$OT9NHekuFyOWGF0OY6t5g.DeG959zg2FglCfH7t.U9yCg6uRI50aS', 'bcrypt', NULL, 'q***********0', 'ZNsQrLKJR9RUDAPJKH4nRzhFFgPelUhR20170403002532.2407790', '2017-04-03 00:25:32', '2017-04-03 00:25:32'),
(27, 24, '$2y$10$PpC0twr8lbd..C1BEgp.h.zmGmiwuqDntLRbaNmQYadOz8DlsQiQa', 'bcrypt', NULL, 'q************0', 'pjQ3clHcJ4NX0sgUXdEeL7zgrpvjQGTj20170403004657.9516750', '2017-04-03 00:46:57', '2017-04-03 00:46:57'),
(28, 24, '$2y$10$41Q5kptJBH3o.bUQGzUBYOENfoZR3IpvwrebgfwcOaKkaq4YSwgOK', 'bcrypt', NULL, 'q***********0', 'IrrjNc0vTQLmx8O7IJoE4n4uSN5WxVSQ20170403004738.3959450', '2017-04-03 00:47:38', '2017-04-03 00:47:38'),
(29, 24, '$2y$10$F1XxvoPMVBgEdLAuUMDh0u2aMxB6nEpNpXBqyLFv2s3oXWyCRgYEm', 'bcrypt', NULL, 'q************0', 'QTZjseQ2V2VouBKsL1BsHcKfXtP4glK320170403004959.1176180', '2017-04-03 00:49:59', '2017-04-03 00:49:59'),
(30, 24, '$2y$10$xl90ciHePni.mgDW0eR1uuTEmPmgjvakIHO9HZCEkiI9HIxYEzueS', 'bcrypt', NULL, 'q***********0', '9jEZiFWg34VgbPn0MEvAdITP3t8zqWP920170403005059.0486450', '2017-04-03 00:50:59', '2017-04-03 00:50:59'),
(31, 25, '$2y$10$3PRlHMDZVpX8WzleBjaQV.lNtGaOt3NeiAhppQ3.ugVJQw6C7RYLy', 'bcrypt', NULL, 'q***********0', 'SexLC6VWVvwu4FI8TA4jfxQoSA5QAwXn20170404223324.0328460', '2017-04-04 22:33:24', '2017-04-04 22:33:24'),
(32, 26, '$2y$10$j2qjHSEDj6oTIBg9tzR32.qss26Wsqn4lITfTPnFYOvWzVXP051UK', 'bcrypt', NULL, 'q***********0', 'K6WSUFsPJMtlrBebD5huxVkLxF2Jma2r20170404223404.8509080', '2017-04-04 22:34:04', '2017-04-04 22:34:04'),
(33, 27, '$2y$10$ohnSTTTq8DZJa6SmatjY0OLF8gkfS4KQxdthNO13LNh/kbfrEJNBe', 'bcrypt', NULL, 'q***********0', 'qISO4h16uN1EpacxID95h089t6UG0cwD20170404223617.6205860', '2017-04-04 22:36:17', '2017-04-04 22:36:17'),
(34, 24, '$2y$10$gFEXV9ZjBaOeest/8n2GkuKErbD3uzxIIRvmxYwZeUelIGha.tTVu', 'bcrypt', NULL, 'q************0', 'DhcuhgDF29FXwoWJiTpuN3EhGdekUdrl20170404223847.6689390', '2017-04-04 22:38:47', '2017-04-04 22:38:47'),
(35, 24, '$2y$10$pkvr3n8.vtr7Zao86uZmn.MN4vk3sFLYgaU7E/EOJT9a9zlwS1pai', 'bcrypt', NULL, 'q***********0', 'wvZa4yEW0BpKN6ggUKq6iNMTfnlQTLIY20170404230340.2135060', '2017-04-04 23:03:40', '2017-04-04 23:03:40'),
(36, 28, '$2y$10$enf/zCrc0w2J5LTIJ9u0zuNZR4v5Vb8K1oJtBOJelcz5VhISCylPO', 'bcrypt', NULL, '1********a', 'tWalJkaxAfC4rkjG1Wz3RIsLdQSh43MV20170428194037.9375940', '2017-04-28 19:40:38', '2017-04-28 19:40:38'),
(37, 29, '$2y$10$tvt2NZHgoUh.e4xi05iWGehUVfU0Zw3Tk6ygPfR5pnDcqSQcsVvAy', 'bcrypt', NULL, '1********a', 'pkSY9YE7GTS6fz672TDPNi2jTpFtL52B20170429150523.2130510', '2017-04-29 15:05:23', '2017-04-29 15:05:23'),
(38, 30, '$2y$10$SpBGF13wNziq61XTWUA0/OCc3/9DgRB8tepLnVrASOpX7UWlJ6MWq', 'bcrypt', NULL, '1********a', '0Ej8d947O9Qcgw4gbrt6WoXnoidc0Q5c20170429165055.7476570', '2017-04-29 16:50:55', '2017-04-29 16:50:55'),
(39, 31, '$2y$10$0DGWFqi5WwIS2iZAW1VODusQv9wpCPz6WU9CQ/VzV5zb6Hqybv3eG', 'bcrypt', NULL, '1********a', 'GQEpVlqtBaApBxLChuFGRx3LEeRLqwLO20170429191800.4900140', '2017-04-29 19:18:00', '2017-04-29 19:18:00'),
(40, 32, '$2y$10$zq/NfCa3Mp6QkO3LqZKmqOpxSj2wSdejau4PaHSlyLSiWRQWE9yn.', 'bcrypt', NULL, '1********a', '82Z0xsOBpUZkjAjHYKJZOjdB72nGtZ6y20170429222123.6984430', '2017-04-29 22:21:23', '2017-04-29 22:21:23'),
(41, 33, '$2y$10$lwyKv0T6trJJ5uP.lpc5TuG4vKrzR3y/QlbvaTvWSSOXs2MLd7owG', 'bcrypt', NULL, '1********a', 'JL34xtEgCFQPX4vykCHOBorb2KcJQOAS20170429222304.5178240', '2017-04-29 22:23:04', '2017-04-29 22:23:04'),
(42, 34, '$2y$10$yvnqoAgwySYFg8FrK7HAdej1puJmjnZUKSe4q01vGZH63RFXVX7Ma', 'bcrypt', NULL, '1********a', 'JPpuNm8PM4EXB3CFdX1H2G9NwNEa9Drw20170430085255.7073990', '2017-04-30 08:52:55', '2017-04-30 08:52:55'),
(43, 35, '$2y$10$ROVNG0drrjiqekPmeYwSveXgFrxc2ixmXQc9/VWtHbA.O0o/8XW6e', 'bcrypt', NULL, '1********a', 'HW6L6H7Dlj1kwez680aV06Dj6OSCzxW520170430085341.2966060', '2017-04-30 08:53:41', '2017-04-30 08:53:41'),
(44, 36, '$2y$10$czW2aLJv94FLf8QKFoV9Qui73ufqYfmEaKCb2IlegI76h.HTAX2I6', 'bcrypt', NULL, '1********a', 'qAohZAy8lpMf2ZEj9JBSP7Ni9AESuLWy20170502183956.8466890', '2017-05-02 18:39:57', '2017-05-02 18:39:57'),
(45, 37, '$2y$10$3LBg16lwpqIrR4Lbs23uxOuqEgeMOMr3PKBjfX90wMlL5NAE/SFnG', 'bcrypt', NULL, '1********a', 'kBiGQqcm25DO6oEq3wJNwKNtGNfWferO20170502185005.1965390', '2017-05-02 18:50:05', '2017-05-02 18:50:05'),
(46, 38, '$2y$10$ofl80Wtb4KCn3fabHzWxZ.8rtzXdXsh4cndby8H37.wG6vXtx2n6i', 'bcrypt', NULL, '1********a', 'wuYz7F1aMtCxC36vgnsh4ftZEXL2dQHD20170503063812.6778130', '2017-05-03 06:38:12', '2017-05-03 06:38:12'),
(47, 39, '$2y$10$5dbQvn5/mKLHT3GOH108u.sxov5Jl7E6qAfAFsSAGXW3qQTp1IJty', 'bcrypt', NULL, '1********a', 'mt9FpfYdlNv8pQIxm0YgBLaiJQVYqzht20170503063827.7635990', '2017-05-03 06:38:27', '2017-05-03 06:38:27'),
(48, 40, '$2y$10$31w8CG/syaoLWK5YTecd.uDO2EUt752I9EK6Q88ptyh/KeTc3JMee', 'bcrypt', NULL, '1********a', '8BDWZ86Fya8VLORIu1ONJwvnOVS3OEBK20170503063913.6076720', '2017-05-03 06:39:13', '2017-05-03 06:39:13'),
(49, 41, '$2y$10$iKu1LhytJa.cjS20Q9aQh.fpGiBlfD0HR.mNydL0Nm076bhy3CdZ6', 'bcrypt', NULL, '1********a', 'bKwq1iq65jfgXwGZUESrrm1XAeORyAWh20170503194606.6066360', '2017-05-03 19:46:06', '2017-05-03 19:46:06'),
(50, 42, '$2y$10$23f0z.jxAu.beNBfAbsJSesemQOUeenZS9f0qRKbHQ/AhxgX0VN0W', 'bcrypt', NULL, '1********a', 'NrD7cnw4UGA4zW2Axva0a4z7KT3JLSLx20170504195001.9586040', '2017-05-04 19:50:02', '2017-05-04 19:50:02'),
(51, 43, '$2y$10$.bHDNdF8TrDQYj7dOToRIO0FwHKUP0/4jaGjHYISNIbjDCvMOd95S', 'bcrypt', NULL, '1********a', 'pla7a6IXI5ILj73ve4rLDk9fsBk9SMw920170504195500.6575940', '2017-05-04 19:55:00', '2017-05-04 19:55:00'),
(52, 44, '$2y$10$YEP2JihJbVMLFczEA10sX.DQ48vtKVX2tVP/0RXeONjYMHNjwr0o.', 'bcrypt', NULL, '1********a', 'IyCfihaDMGM73grEU6Lb3YBv1dVFvrAC20170504212350.1654880', '2017-05-04 21:23:50', '2017-05-04 21:23:50'),
(53, 45, '$2y$10$h9qmIervt.A7wcD0TqoE7.Bxhh478oYClVWTvb2sQ1iHXbDgSW32O', 'bcrypt', NULL, '1********a', 'kgIfZtWy4HyJhMKpEzIu8xAQP3AfrrT220170504212533.6796200', '2017-05-04 21:25:33', '2017-05-04 21:25:33'),
(54, 46, '$2y$10$9ornBolQUhxCI/MQbF.HVe4ZvdGEdGFOnuk/VHB8yaI3tzZ1CQ.Ny', 'bcrypt', NULL, '1********a', 'nUBZt1j4qJowUIss2h5Y6Uo1HHmEmh6q20170504212725.0139460', '2017-05-04 21:27:25', '2017-05-04 21:27:25'),
(55, 47, '$2y$10$U2lqySks/CYj5M2TkieJxul9mtmsBCNUGdqq4hhjascHl4DkANgDy', 'bcrypt', NULL, '1********a', 'VPLfxoqQTHdoAgCEMdm0thGTmKveuWto20170504212848.1821490', '2017-05-04 21:28:48', '2017-05-04 21:28:48'),
(56, 48, '$2y$10$dmld6eEjG7qlr5udY9Ge4O3De16sAj4oKz8YL.jSyBhslTrtUu.zS', 'bcrypt', NULL, '1********a', 'U6dkGz8OF0eie8wDYCFAhk6Z4WDZqWaO20170504213012.6884090', '2017-05-04 21:30:12', '2017-05-04 21:30:12'),
(57, 49, '$2y$10$QYyV92TOGkWbzGUpnpJ3q.b5vOS3cHj/kAFK5GSPu8hOe9P6twiFK', 'bcrypt', NULL, '1********a', '3STocj6G4sLbTigTLN8IOW3h8Rzz9ZZX20170504214609.7835380', '2017-05-04 21:46:10', '2017-05-04 21:46:10'),
(58, 50, '$2y$10$YjxG24iBNfEu3dosFfUwXOPmvJpqtlhjakfW93TUITdNNECdZtagm', 'bcrypt', NULL, '1********a', '3Sm1mPZxaGgmHBvupDwg16QWrNalzmQ320170504225153.6947500', '2017-05-04 22:51:54', '2017-05-04 22:51:54'),
(59, 51, '$2y$10$jZJVBnJXSLQT2t.11y0OFeGwQ9EZtyqJSIAHCFYagXGERCwCPUH4e', 'bcrypt', NULL, '1********a', '2HUVn81ijbY3t1UKRlhV3A3vVeVd1lzi20170504231227.5289450', '2017-05-04 23:12:27', '2017-05-04 23:12:27'),
(60, 52, '$2y$10$Xj8A8BUb6wmZ6jtGkWhOruDkik34QtUWfqX0zbJ/Muc/tszMo31sy', 'bcrypt', NULL, '1********a', '9rGH8MIn2H8cKI4NHQvf8EFUOL1Z7gdY20170504231608.6739800', '2017-05-04 23:16:08', '2017-05-04 23:16:08'),
(61, 53, '$2y$10$7OHVX7LWv.oftMr4nv.nROxJufqwjb8Hhh4GJ7Ar5wnOaJM8zHE/K', 'bcrypt', NULL, '1********a', '3t7BkSqGrWK3uUklXgzFP3resHiddybf20170504232257.7532100', '2017-05-04 23:22:58', '2017-05-04 23:22:58'),
(62, 54, '$2y$10$bpskAxYQ.0Chj18KrpGQQuG5fi5WwGLX6kO1pefugZb.rNShMizp6', 'bcrypt', NULL, '1********a', 'J3s9EUwyZsvtEbCe42p3R8My1funW8vV20170504232405.5516780', '2017-05-04 23:24:05', '2017-05-04 23:24:05'),
(63, 55, '$2y$10$mRMi4w.HWUFKWpo4XU1PS.wm4Hs5fDGMGUMBvwJEjnxm9LOZUtEyK', 'bcrypt', NULL, '1********a', 's0Nl1VgKuhvxfrvnr1rL0fjwv5Qn03xG20170504233025.2207660', '2017-05-04 23:30:25', '2017-05-04 23:30:25'),
(64, 56, '$2y$10$KX6xfOhl6OhJ39Zk8NNE0eLWZOXNSyEPvDf/THdIlLak.OvcQxmA2', 'bcrypt', NULL, '1********a', 'iHeagirGH8eIXjxaSHAycwVdOU35LQGU20170504234754.1671450', '2017-05-04 23:47:54', '2017-05-04 23:47:54'),
(65, 57, '$2y$10$fBJX.BuJACF4IcDM1kY5fuyxukz.g7J25gyq6uBSET4tAkB/pes22', 'bcrypt', NULL, '1********a', 'VOQOBFzzgbawwB6CmRsImgS5w7XPbqym20170505003423.4464020', '2017-05-05 00:34:23', '2017-05-05 00:34:23'),
(66, 58, '$2y$10$XfwG58Hbvnl9v2QMhgnBW.787y3fk3HuieAsKlSaL2t3PYQ8m6q4a', 'bcrypt', NULL, '1********a', 'BbK6gBGeqemQdO3cGRPDVgR3L8XEEDcN20170505003949.8045930', '2017-05-05 00:39:49', '2017-05-05 00:39:49'),
(67, 59, '$2y$10$nriEEypVazTMksvQkIw4iuPBawBuTEybJyUdHmFc.jxrnnkZ9gFrK', 'bcrypt', NULL, '1********a', 'ROZgZwPUtmLYx2CD6bqgffA6lHzZy9AX20170505004533.5266040', '2017-05-05 00:45:33', '2017-05-05 00:45:33'),
(68, 60, '$2y$10$mZrMN78E.LlExpsM5pJYW.XDWtk5jh3DtS.qhlY6le4xVIuo7UnF6', 'bcrypt', NULL, '1********a', 'moj5hqODwrt6sDjj6jR7Lrx6QmHtvAaY20170505004955.2754940', '2017-05-05 00:49:55', '2017-05-05 00:49:55'),
(69, 61, '$2y$10$btTt4gzqv3NMCw2rhgRSnusSRL9eCKfUt4ZvpA1h4GX.8nuRYb9HO', 'bcrypt', NULL, '1********a', 'z5wvRjjqtAhVC3jCBJsEbYSITdbScfc320170505012514.7395150', '2017-05-05 01:25:15', '2017-05-05 01:25:15'),
(70, 62, '$2y$10$rhGZ2GxJa7F4pc6gYB4iZe41Gf6b6LxJEXCJf7/YrN9J4xrxwLr.i', 'bcrypt', NULL, '1********a', 'tsg9SQo2EzMhOnJw06MpvDGVtikpOgRA20170505012817.4387730', '2017-05-05 01:28:17', '2017-05-05 01:28:17'),
(71, 63, '$2y$10$cPDILjkFW1xcTT8RSW3frO2RUK04y2qJz3Bb5.OJJ0VTgfKsA3GOG', 'bcrypt', NULL, '1********a', 'vqJiw6Bk8pv3Vtpwz0I0jrVLt8FU0vT820170505013654.5407270', '2017-05-05 01:36:54', '2017-05-05 01:36:54'),
(72, 64, '$2y$10$dZqJFXSqSLipuNLmqWvJXemhj4pHnl2yRa2OURExo9/QsrJFZhski', 'bcrypt', NULL, '1********a', 'GgFd1U6zGkcAAVZoMR5dlJhahjvSgnCy20170505013911.8284880', '2017-05-05 01:39:12', '2017-05-05 01:39:12'),
(73, 65, '$2y$10$pChrsg8y0Kp8/eoNmVeduO8IyAQzXtUhLLWG.RLx3zzSdoNJciXoq', 'bcrypt', NULL, '1********a', '5cqKasfqtk0RyNIldYhJPlGmOPhfwC5a20170505014004.1717420', '2017-05-05 01:40:04', '2017-05-05 01:40:04'),
(74, 66, '$2y$10$/OKlpv58ageE2P0XEuHM2ueE4np8H0hyzY.ifyHdXXn3xm0Vl1K8K', 'bcrypt', NULL, '1********a', 'DBO0wX7zGcqS0ONAj558jJ81tXcjUgJk20170604170022.6628450', '2017-06-04 17:00:22', '2017-06-04 17:00:22'),
(75, 67, '$2y$10$r/YEc6TSuQosPbOYd/O9eeuIVCeoQW8uQFTwv/mZdLYKzu0Qi75pi', 'bcrypt', NULL, '1********a', 'xCSGE27ga8YdSpTtOm8FHslCoF9PfKrs20170604170154.6117780', '2017-06-04 17:01:54', '2017-06-04 17:01:54'),
(76, 68, '$2y$10$OrmYvTxADyuJrBL68TAttupF4QKEnnj0O9YpTY0BEw3hbfWU3Xb9m', 'bcrypt', NULL, '1********a', 'WrzghQht4cpSCaLq3lUb0Ip3EMz22rj520170606131203.9697700', '2017-06-06 13:12:04', '2017-06-06 13:12:04'),
(77, 69, '$2y$10$SO4z00SF0NqnG.6IXNWuGey0at.LoOPukr8cOGB8zVPa6nxxb/y/q', 'bcrypt', NULL, '1********a', 'RTvp0qUyoFvXRbi3D2YyCoWysftL66bi20170618235344.4698040', '2017-06-18 23:53:44', '2017-06-18 23:53:44'),
(78, 70, '$2y$10$XA4DAaecCYF1nCc33Ws1UuPX9movjehZVRtRImyY1CjysVA6P6pNi', 'bcrypt', NULL, '1********a', 'TosVPdywgB0BolEy9S0VQngSx9mclqP320170722212851.7898410', '2017-07-22 21:28:52', '2017-07-22 21:28:52'),
(81, 72, '$2y$10$6ridamtOgmjfhO/ckuDZG.HKkbF38HdD143Nz59RBS/cU1j1tomtq', 'bcrypt', NULL, 'q***********6', 'MY3r8KSgOE1lRdrLhZ4EV9j0RtYSmULL20170802235119.8486910', '2017-08-02 23:53:18', '2017-08-02 23:53:18'),
(82, 3, '$2y$10$cs7oaUYx82VbXqXfR3b2q.Cw.pQ0XalXESg9I81jhLtGVh0sN8H.e', 'bcrypt', NULL, 'q***********6', '67tgrC79D3mmhEuuDrc4uG3uVYW8S3hf20170803010357.7791570', '2017-08-03 01:05:07', '2017-08-03 01:05:07'),
(83, 71, '$2y$10$beT/5DBHH3FhUi3WZRnUEOhEbMlNHQQEgi1rkU9RvReJQVybmAr36', 'bcrypt', NULL, 'q***********6', 'PVpjWhumF8l3C47fb4GshK1bX8bQ0mSN20170806172240.0860060', '2017-08-06 17:23:03', '2017-08-06 17:23:03');

-- --------------------------------------------------------

--
-- 表的结构 `mphoto`
--

CREATE TABLE `mphoto` (
  `id` int(11) NOT NULL,
  `user_id` int(11) DEFAULT NULL,
  `photo_type` varchar(10) COLLATE utf8_unicode_ci NOT NULL,
  `post_id` int(11) DEFAULT NULL,
  `photo_origin` varchar(255) COLLATE utf8_unicode_ci NOT NULL,
  `photo_medium` varchar(255) COLLATE utf8_unicode_ci NOT NULL,
  `photo_small` varchar(255) COLLATE utf8_unicode_ci NOT NULL,
  `photo_icon` varchar(255) COLLATE utf8_unicode_ci NOT NULL,
  `title` varchar(255) COLLATE utf8_unicode_ci DEFAULT NULL,
  `view_number` int(11) DEFAULT NULL,
  `is_deleted` tinyint(1) DEFAULT NULL,
  `deleted_by_user_id` int(11) DEFAULT NULL,
  `internal_id` varchar(255) COLLATE utf8_unicode_ci NOT NULL,
  `created` datetime NOT NULL,
  `updated` datetime NOT NULL
) ENGINE=InnoDB DEFAULT CHARSET=utf8 COLLATE=utf8_unicode_ci;

--
-- 转存表中的数据 `mphoto`
--

INSERT INTO `mphoto` (`id`, `user_id`, `photo_type`, `post_id`, `photo_origin`, `photo_medium`, `photo_small`, `photo_icon`, `title`, `view_number`, `is_deleted`, `deleted_by_user_id`, `internal_id`, `created`, `updated`) VALUES
(28, 3, '1', NULL, '9itgkbWv20170430201636.6420110.jpg', '9itgkbWv20170430201636.6420110-500x855.61497326203.png', '9itgkbWv20170430201636.6420110-150x256.68449197861.png', '9itgkbWv20170430201636.6420110-50x85.561497326203.png', NULL, NULL, 1, NULL, 'vIsL2T0q20170430201638.2843490', '2017-04-30 20:16:38', '2017-08-06 01:13:01'),
(29, 3, '1', NULL, 'BMUAurgX20170502130420.2070110.jpg', 'BMUAurgX20170502130420.2070110-500x855.61497326203.png', 'BMUAurgX20170502130420.2070110-150x256.68449197861.png', 'BMUAurgX20170502130420.2070110-50x85.561497326203.png', NULL, NULL, 1, NULL, 'xQKoPg9u20170502130421.7735880', '2017-05-02 13:04:21', '2017-08-06 01:13:01'),
(30, 3, '1', NULL, 'm697Stv020170508171516.5165650.jpg', 'm697Stv020170508171516.5165650-500x855.61497326203.png', 'm697Stv020170508171516.5165650-150x256.68449197861.png', 'm697Stv020170508171516.5165650-50x85.561497326203.png', NULL, NULL, 1, NULL, 'gizMVWUB20170508171518.3603030', '2017-05-08 17:15:18', '2017-08-06 01:13:01'),
(31, 3, '1', NULL, 'nhJB6Lwt20170508181900.5267360.jpg', 'nhJB6Lwt20170508181900.5267360-500x855.61497326203.png', 'nhJB6Lwt20170508181900.5267360-150x256.68449197861.png', 'nhJB6Lwt20170508181900.5267360-50x85.561497326203.png', NULL, NULL, 1, NULL, 'x6qXSXto20170508181902.5016280', '2017-05-08 18:19:02', '2017-08-06 01:13:01'),
(32, 3, '1', NULL, 'Rnpwxd7120170508182625.1232560.jpg', 'Rnpwxd7120170508182625.1232560-500x855.61497326203.png', 'Rnpwxd7120170508182625.1232560-150x256.68449197861.png', 'Rnpwxd7120170508182625.1232560-50x85.561497326203.png', NULL, NULL, 1, NULL, 'HwgLFeLJ20170508182627.0026590', '2017-05-08 18:26:27', '2017-08-06 01:13:01'),
(33, 3, '1', NULL, 'XUcCyn9E20170508183516.5595540.jpg', 'XUcCyn9E20170508183516.5595540-500x855.61497326203.png', 'XUcCyn9E20170508183516.5595540-150x256.68449197861.png', 'XUcCyn9E20170508183516.5595540-50x85.561497326203.png', NULL, NULL, 1, NULL, 'CESjA0uj20170508183518.5086990', '2017-05-08 18:35:18', '2017-08-06 01:13:01'),
(34, 3, '1', NULL, 'oUbNDh8y20170508183607.1815210.jpg', 'oUbNDh8y20170508183607.1815210-500x855.61497326203.png', 'oUbNDh8y20170508183607.1815210-150x256.68449197861.png', 'oUbNDh8y20170508183607.1815210-50x85.561497326203.png', NULL, NULL, 1, NULL, 'zmCRsyAl20170508183608.7531230', '2017-05-08 18:36:08', '2017-08-06 01:13:01'),
(35, 3, '1', NULL, 'BkN24xUH20170509080359.1467030.JPG', 'BkN24xUH20170509080359.1467030-500x375.png', 'BkN24xUH20170509080359.1467030-150x112.5.png', 'BkN24xUH20170509080359.1467030-50x37.5.png', NULL, NULL, 1, NULL, '2mXOs1kH20170509080400.7164750', '2017-05-09 08:04:00', '2017-05-18 03:33:24'),
(36, 3, '1', NULL, 'uIFWGhCn20170729004909.5189410.jpg', 'uIFWGhCn20170729004909.5189410-310x257.png', 'uIFWGhCn20170729004909.5189410-150x124.35483870968.png', 'uIFWGhCn20170729004909.5189410-50x41.451612903226.png', NULL, NULL, 1, NULL, 'cwlAHdJ020170729004909.6860830', '2017-07-29 00:49:09', '2017-08-06 01:13:01'),
(37, 3, '1', NULL, 'LDvSgFRf20170729005147.4974010.jpg', 'LDvSgFRf20170729005147.4974010-310x257.png', 'LDvSgFRf20170729005147.4974010-150x124.35483870968.png', 'LDvSgFRf20170729005147.4974010-50x41.451612903226.png', NULL, NULL, 1, NULL, 'xmDJC0Dj20170729005147.6374490', '2017-07-29 00:51:47', '2017-08-06 01:13:01'),
(38, 3, '1', NULL, 'mcH0CqCH20170729005243.8768710.jpg', 'mcH0CqCH20170729005243.8768710-310x257.png', 'mcH0CqCH20170729005243.8768710-150x124.35483870968.png', 'mcH0CqCH20170729005243.8768710-50x41.451612903226.png', NULL, NULL, 1, NULL, 'W3ZiqaS020170729005243.9967330', '2017-07-29 00:52:44', '2017-08-06 01:13:01'),
(39, 3, '1', NULL, 'bb8fCzNy20170729005928.0444930.jpg', 'bb8fCzNy20170729005928.0444930-310x257.png', 'bb8fCzNy20170729005928.0444930-150x124.35483870968.png', 'bb8fCzNy20170729005928.0444930-50x41.451612903226.png', NULL, NULL, 1, NULL, 'nXC0bV5f20170729005928.1708240', '2017-07-29 00:59:28', '2017-08-06 01:13:01'),
(40, 3, '1', NULL, 'eI7y1jqc20170729010147.9832720.jpg', 'eI7y1jqc20170729010147.9832720-310x257.png', 'eI7y1jqc20170729010147.9832720-150x124.35483870968.png', 'eI7y1jqc20170729010147.9832720-50x41.451612903226.png', NULL, NULL, 1, NULL, 'OHAWXfYr20170729010148.1000160', '2017-07-29 01:01:48', '2017-08-06 01:13:01'),
(41, 3, '1', NULL, 'D2knE0tZ20170729010304.7782630.jpg', 'D2knE0tZ20170729010304.7782630-310x257.png', 'D2knE0tZ20170729010304.7782630-150x124.35483870968.png', 'D2knE0tZ20170729010304.7782630-50x41.451612903226.png', NULL, NULL, 1, NULL, 'YOi3jIOq20170729010304.8965550', '2017-07-29 01:03:04', '2017-08-06 01:13:01'),
(42, 3, '1', NULL, 'Zp0R64Cp20170729010849.4156850.jpg', 'Zp0R64Cp20170729010849.4156850-310x257.png', 'Zp0R64Cp20170729010849.4156850-150x124.35483870968.png', 'Zp0R64Cp20170729010849.4156850-50x41.451612903226.png', NULL, NULL, 1, NULL, '9SH4vPXD20170729010849.5320240', '2017-07-29 01:08:49', '2017-08-06 01:13:01'),
(43, 3, '1', NULL, 'knaPCCW120170729011420.7706790.jpg', 'knaPCCW120170729011420.7706790-500x500.png', 'knaPCCW120170729011420.7706790-150x150.png', 'knaPCCW120170729011420.7706790-50x50.png', NULL, NULL, 1, NULL, 'hlLihK9D20170729011421.6561510', '2017-07-29 01:14:21', '2017-08-06 01:13:01'),
(44, 3, '1', NULL, 'mgmE7MI220170729015223.4004050.jpg', 'mgmE7MI220170729015223.4004050-310x257.png', 'mgmE7MI220170729015223.4004050-150x124.35483870968.png', 'mgmE7MI220170729015223.4004050-50x41.451612903226.png', NULL, NULL, 1, NULL, 'ufM2suhb20170729015223.5323660', '2017-07-29 01:52:23', '2017-08-06 01:13:01'),
(45, 3, '1', NULL, 'qv0aFIuq20170729133410.8555810.JPG', 'qv0aFIuq20170729133410.8555810-500x373.45679012346.png', 'qv0aFIuq20170729133410.8555810-150x112.03703703704.png', 'qv0aFIuq20170729133410.8555810-50x37.345679012346.png', NULL, NULL, 1, NULL, 'PsGT0dQw20170729133412.7368770', '2017-07-29 13:34:12', '2017-08-06 01:13:01'),
(46, 3, '1', NULL, 'GM5EiVLY20170729135130.7053880.JPG', 'GM5EiVLY20170729135130.7053880-500x669.71279373368.png', 'GM5EiVLY20170729135130.7053880-150x200.9138381201.png', 'GM5EiVLY20170729135130.7053880-50x66.971279373368.png', NULL, NULL, 1, NULL, '1AuvTNqy20170729135133.8516930', '2017-07-29 13:51:33', '2017-08-06 01:13:01'),
(47, 3, '1', NULL, 'wean27yh20170729224440.9636570.JPG', 'wean27yh20170729224440.9636570-500x669.71279373368.png', 'wean27yh20170729224440.9636570-150x200.9138381201.png', 'wean27yh20170729224440.9636570-50x66.971279373368.png', NULL, NULL, 1, NULL, '74VYvc1d20170729224442.7901300', '2017-07-29 22:44:42', '2017-08-06 01:13:01'),
(48, 3, '1', NULL, 'GcfIOxuQ20170729235457.4367290.jpg', 'GcfIOxuQ20170729235457.4367290-310x257.png', 'GcfIOxuQ20170729235457.4367290-150x124.35483870968.png', 'GcfIOxuQ20170729235457.4367290-50x41.451612903226.png', NULL, NULL, 1, NULL, 'LEfgjccc20170729235457.5822970', '2017-07-29 23:54:57', '2017-08-06 01:13:01'),
(49, 3, '2', NULL, 'uYGsanFD20170729235605.4268500.JPG', 'uYGsanFD20170729235605.4268500-500x373.45679012346.png', 'uYGsanFD20170729235605.4268500-150x112.03703703704.png', 'uYGsanFD20170729235605.4268500-50x37.345679012346.png', NULL, NULL, 1, NULL, 'JFD8oa5r20170729235607.1244380', '2017-07-29 23:56:07', '2017-08-06 00:18:55'),
(50, 3, '2', NULL, 'NCk32CWr20170729235634.2378570.jpg', 'NCk32CWr20170729235634.2378570-500x500.png', 'NCk32CWr20170729235634.2378570-150x150.png', 'NCk32CWr20170729235634.2378570-50x50.png', NULL, NULL, 1, NULL, 'ahClxu8i20170729235635.2766910', '2017-07-29 23:56:35', '2017-08-06 00:18:55'),
(51, 3, '2', NULL, '5Gm6wiUq20170729235708.4043260.jpg', '5Gm6wiUq20170729235708.4043260-500x373.4375.png', '5Gm6wiUq20170729235708.4043260-150x112.03125.png', '5Gm6wiUq20170729235708.4043260-50x37.34375.png', NULL, NULL, 1, NULL, 'jZwgealU20170729235709.6184030', '2017-07-29 23:57:09', '2017-08-06 00:36:22'),
(52, 3, '2', NULL, '8Qrsa25e20170729235713.1945450.jpg', '8Qrsa25e20170729235713.1945450-478x640.png', '8Qrsa25e20170729235713.1945450-150x200.83682008368.png', '8Qrsa25e20170729235713.1945450-50x66.945606694561.png', NULL, NULL, 1, NULL, 'vifm2Kal20170729235714.7182830', '2017-07-29 23:57:14', '2017-08-06 00:36:22'),
(53, 3, '2', NULL, 'vRLlIk1r20170730000823.2125660.jpg', 'vRLlIk1r20170730000823.2125660-400x400.png', 'vRLlIk1r20170730000823.2125660-150x150.png', 'vRLlIk1r20170730000823.2125660-50x50.png', NULL, NULL, 1, NULL, 'NXNSRCb020170730000823.5724150', '2017-07-30 00:08:23', '2017-08-06 00:36:37'),
(54, 71, '2', NULL, '9kZqrlcp20170730004848.6603180.jpg', '9kZqrlcp20170730004848.6603180-500x500.png', '9kZqrlcp20170730004848.6603180-150x150.png', '9kZqrlcp20170730004848.6603180-50x50.png', NULL, NULL, 1, NULL, 'Btr7etLO20170730004851.7263250', '2017-07-30 00:48:51', '2017-08-06 17:16:42'),
(55, 71, '2', NULL, 'cm53Zq9Y20170730004913.4915220.jpg', 'cm53Zq9Y20170730004913.4915220-500x500.png', 'cm53Zq9Y20170730004913.4915220-150x150.png', 'cm53Zq9Y20170730004913.4915220-50x50.png', NULL, NULL, 1, NULL, 'nlLPDvvg20170730004916.8271400', '2017-07-30 00:49:16', '2017-08-06 17:20:13'),
(56, 71, '1', NULL, 'yKZpwFJk20170730004938.9931500.jpg', 'yKZpwFJk20170730004938.9931500-500x781.75895765472.png', 'yKZpwFJk20170730004938.9931500-150x234.52768729642.png', 'yKZpwFJk20170730004938.9931500-50x78.175895765472.png', NULL, NULL, 1, NULL, 'dpOrX4Bm20170730004944.5637300', '2017-07-30 00:49:44', '2017-08-06 17:16:42'),
(57, 71, '1', NULL, 'Uo54aM0520170730005013.6329320.jpg', 'Uo54aM0520170730005013.6329320-400x400.png', 'Uo54aM0520170730005013.6329320-150x150.png', 'Uo54aM0520170730005013.6329320-50x50.png', NULL, NULL, 1, NULL, 'nUuK9WzD20170730005014.6772920', '2017-07-30 00:50:14', '2017-08-06 17:18:29'),
(58, 72, '1', NULL, 'hlPdvvI120170802013106.4105610.jpg', 'hlPdvvI120170802013106.4105610-500x500.png', 'hlPdvvI120170802013106.4105610-150x150.png', 'hlPdvvI120170802013106.4105610-50x50.png', NULL, NULL, NULL, NULL, '1ZlZfcjY20170802013107.3752080', '2017-08-02 01:31:07', '2017-08-02 01:31:07'),
(59, 72, '2', NULL, '0rrLwrk920170802013114.2338530.jpg', '0rrLwrk920170802013114.2338530-500x669.71279373368.png', '0rrLwrk920170802013114.2338530-150x200.9138381201.png', '0rrLwrk920170802013114.2338530-50x66.971279373368.png', NULL, NULL, NULL, NULL, 'Nd6tqVb520170802013116.5013580', '2017-08-02 01:31:16', '2017-08-02 01:31:16'),
(60, 72, '2', NULL, 'q0ORKCKN20170802013118.9768610.jpg', 'q0ORKCKN20170802013118.9768610-500x669.71279373368.png', 'q0ORKCKN20170802013118.9768610-150x200.9138381201.png', 'q0ORKCKN20170802013118.9768610-50x66.971279373368.png', NULL, NULL, NULL, NULL, 'W7NsIzDA20170802013120.0782210', '2017-08-02 01:31:20', '2017-08-02 01:31:20'),
(61, 72, '2', NULL, 'FRerM45520170802013130.3636420.jpg', 'FRerM45520170802013130.3636420-500x669.71279373368.png', 'FRerM45520170802013130.3636420-150x200.9138381201.png', 'FRerM45520170802013130.3636420-50x66.971279373368.png', NULL, NULL, 1, NULL, 'RfleUIFy20170802013131.4260430', '2017-08-02 01:31:31', '2017-08-06 17:13:02'),
(62, 72, '2', NULL, 'TBBBLg3N20170802013140.1924090.jpg', 'TBBBLg3N20170802013140.1924090-500x669.71279373368.png', 'TBBBLg3N20170802013140.1924090-150x200.9138381201.png', 'TBBBLg3N20170802013140.1924090-50x66.971279373368.png', NULL, NULL, 1, NULL, 'jxbxfLvC20170802013141.7151320', '2017-08-02 01:31:41', '2017-08-06 17:13:02'),
(63, 72, '2', NULL, 'HYCFgX3c20170802013151.3416720.jpg', 'HYCFgX3c20170802013151.3416720-400x400.png', 'HYCFgX3c20170802013151.3416720-150x150.png', 'HYCFgX3c20170802013151.3416720-50x50.png', NULL, NULL, 1, NULL, 'cirfI1x520170802013151.6823350', '2017-08-02 01:31:51', '2017-08-06 17:13:02'),
(64, 3, '1', NULL, '9Xy3wb1C20170804031516.8829730.jpg', '9Xy3wb1C20170804031516.8829730-500x669.71279373368.png', '9Xy3wb1C20170804031516.8829730-150x200.9138381201.png', '9Xy3wb1C20170804031516.8829730-50x66.971279373368.png', NULL, NULL, 1, NULL, 'jOiUGOOL20170804031518.4692360', '2017-08-04 03:15:18', '2017-08-06 01:13:01'),
(65, 3, '2', NULL, 'caDubdXv20170804031619.8558100.jpg', 'caDubdXv20170804031619.8558100-500x669.71279373368.png', 'caDubdXv20170804031619.8558100-150x200.9138381201.png', 'caDubdXv20170804031619.8558100-50x66.971279373368.png', NULL, NULL, NULL, NULL, 'K6b8mMyB20170804031621.3802800', '2017-08-04 03:16:21', '2017-08-04 03:16:21'),
(66, 3, '2', NULL, 'zHVeqOit20170804031627.6357000.jpg', 'zHVeqOit20170804031627.6357000-500x669.71279373368.png', 'zHVeqOit20170804031627.6357000-150x200.9138381201.png', 'zHVeqOit20170804031627.6357000-50x66.971279373368.png', NULL, NULL, NULL, NULL, 'bgnuNVgM20170804031629.4974740', '2017-08-04 03:16:29', '2017-08-04 03:16:29'),
(67, 3, '2', NULL, 'mi5tULOC20170804031635.1972020.jpg', 'mi5tULOC20170804031635.1972020-500x500.png', 'mi5tULOC20170804031635.1972020-150x150.png', 'mi5tULOC20170804031635.1972020-50x50.png', NULL, NULL, NULL, NULL, '4Xb8GZvT20170804031636.0526580', '2017-08-04 03:16:36', '2017-08-04 03:16:36'),
(68, 3, '2', NULL, 'qnFY49k720170804031643.0940370.jpeg', 'qnFY49k720170804031643.0940370-460x460.png', 'qnFY49k720170804031643.0940370-150x150.png', 'qnFY49k720170804031643.0940370-50x50.png', NULL, NULL, NULL, NULL, 'EeDw8qWF20170804031643.6015750', '2017-08-04 03:16:43', '2017-08-04 03:16:43'),
(69, 3, '2', NULL, 'S1gmseD520170804031648.8389640.jpg', 'S1gmseD520170804031648.8389640-500x669.71279373368.png', 'S1gmseD520170804031648.8389640-150x200.9138381201.png', 'S1gmseD520170804031648.8389640-50x66.971279373368.png', NULL, NULL, NULL, NULL, '6h35d1kU20170804031651.1216910', '2017-08-04 03:16:51', '2017-08-04 03:16:51'),
(70, 3, '2', NULL, 'PkYzcLzN20170804031656.5954250.jpg', 'PkYzcLzN20170804031656.5954250-500x669.71279373368.png', 'PkYzcLzN20170804031656.5954250-150x200.9138381201.png', 'PkYzcLzN20170804031656.5954250-50x66.971279373368.png', NULL, NULL, NULL, NULL, 'i9TRoaKX20170804031657.6420610', '2017-08-04 03:16:57', '2017-08-04 03:16:57'),
(71, 3, '2', NULL, 'opWKhjwp20170804031703.1463000.jpg', 'opWKhjwp20170804031703.1463000-500x500.png', 'opWKhjwp20170804031703.1463000-150x150.png', 'opWKhjwp20170804031703.1463000-50x50.png', NULL, NULL, 1, NULL, 'z714vL4n20170804031704.1382330', '2017-08-04 03:17:04', '2017-08-05 10:05:55'),
(72, 3, '2', NULL, '8QHTtOfr20170804031713.8387720.jpg', '8QHTtOfr20170804031713.8387720-500x500.png', '8QHTtOfr20170804031713.8387720-150x150.png', '8QHTtOfr20170804031713.8387720-50x50.png', NULL, NULL, 1, NULL, '65rwTKl620170804031714.5275480', '2017-08-04 03:17:14', '2017-08-05 10:05:55'),
(73, 3, '2', NULL, 'qFOCv1EA20170804031722.2066120.jpg', 'qFOCv1EA20170804031722.2066120-500x669.71279373368.png', 'qFOCv1EA20170804031722.2066120-150x200.9138381201.png', 'qFOCv1EA20170804031722.2066120-50x66.971279373368.png', NULL, NULL, 1, NULL, 'zKot2EwJ20170804031724.4829320', '2017-08-04 03:17:24', '2017-08-05 10:05:55'),
(74, 3, '2', NULL, 'U1y3MDRb20170805101225.5931210.jpg', 'U1y3MDRb20170805101225.5931210-500x669.71279373368.png', 'U1y3MDRb20170805101225.5931210-150x200.9138381201.png', 'U1y3MDRb20170805101225.5931210-50x66.971279373368.png', NULL, NULL, NULL, NULL, 'etGordno20170805101226.8111550', '2017-08-05 10:12:26', '2017-08-05 10:12:26'),
(75, 3, '1', NULL, 'itg8DSs920170806010218.9860940.jpg', 'itg8DSs920170806010218.9860940-500x500.png', 'itg8DSs920170806010218.9860940-150x150.png', 'itg8DSs920170806010218.9860940-50x50.png', NULL, NULL, 1, NULL, 'g3hJk4am20170806010219.8459880', '2017-08-06 01:02:19', '2017-08-06 01:13:01'),
(76, 3, '1', NULL, 'vwWNO80w20170806010230.4518740.jpeg', 'vwWNO80w20170806010230.4518740-460x460.png', 'vwWNO80w20170806010230.4518740-150x150.png', 'vwWNO80w20170806010230.4518740-50x50.png', NULL, NULL, 1, NULL, 'vRDKrAu820170806010230.9264900', '2017-08-06 01:02:30', '2017-08-06 01:13:01'),
(77, 3, '1', NULL, '1FdOljn720170806010433.1707180.jpg', '1FdOljn720170806010433.1707180-500x500.png', '1FdOljn720170806010433.1707180-150x150.png', '1FdOljn720170806010433.1707180-50x50.png', NULL, NULL, 1, NULL, 'bu1BWw1w20170806010434.0528750', '2017-08-06 01:04:34', '2017-08-06 01:13:01'),
(78, 3, '1', NULL, 'L7kQkQsW20170806010445.5613370.jpg', 'L7kQkQsW20170806010445.5613370-500x500.png', 'L7kQkQsW20170806010445.5613370-150x150.png', 'L7kQkQsW20170806010445.5613370-50x50.png', NULL, NULL, 1, NULL, 'qNLFLXo420170806010446.2049550', '2017-08-06 01:04:46', '2017-08-06 01:13:01'),
(79, 3, '1', NULL, 'eGNpWOOt20170806010632.2078480.jpg', 'eGNpWOOt20170806010632.2078480-400x400.png', 'eGNpWOOt20170806010632.2078480-150x150.png', 'eGNpWOOt20170806010632.2078480-50x50.png', NULL, NULL, 1, NULL, 'JMSNFcLA20170806010632.5519790', '2017-08-06 01:06:32', '2017-08-06 01:13:01'),
(80, 3, '1', NULL, 'J2reTGkf20170806010943.5376690.jpg', 'J2reTGkf20170806010943.5376690-500x669.71279373368.png', 'J2reTGkf20170806010943.5376690-150x200.9138381201.png', 'J2reTGkf20170806010943.5376690-50x66.971279373368.png', NULL, NULL, 1, NULL, 'xCOW7NF620170806010945.5342140', '2017-08-06 01:09:45', '2017-08-06 01:13:01'),
(81, 3, '1', NULL, 'Jh5BoSvP20170806011300.7813160.jpg', 'Jh5BoSvP20170806011300.7813160-500x500.png', 'Jh5BoSvP20170806011300.7813160-150x150.png', 'Jh5BoSvP20170806011300.7813160-50x50.png', NULL, NULL, 1, NULL, 'H18aPmA020170806011301.7891580', '2017-08-06 01:13:01', '2017-08-06 01:13:32'),
(82, 3, '1', NULL, 'GNbZqCQ120170806011331.7273180.jpeg', 'GNbZqCQ120170806011331.7273180-460x460.png', 'GNbZqCQ120170806011331.7273180-150x150.png', 'GNbZqCQ120170806011331.7273180-50x50.png', NULL, NULL, 1, NULL, 'uu77LRwW20170806011332.2689080', '2017-08-06 01:13:32', '2017-08-06 01:13:49'),
(83, 3, '1', NULL, 'wuNtaOCz20170806011348.1493760.jpg', 'wuNtaOCz20170806011348.1493760-500x500.png', 'wuNtaOCz20170806011348.1493760-150x150.png', 'wuNtaOCz20170806011348.1493760-50x50.png', NULL, NULL, 1, NULL, 'W3K8W2he20170806011349.0557820', '2017-08-06 01:13:49', '2017-08-06 01:16:05'),
(84, 3, '1', NULL, '4sX07xvu20170806011603.6833850.jpg', '4sX07xvu20170806011603.6833850-500x781.75895765472.png', '4sX07xvu20170806011603.6833850-150x234.52768729642.png', '4sX07xvu20170806011603.6833850-50x78.175895765472.png', NULL, NULL, 1, NULL, 'Jf6BnHiU20170806011605.5334340', '2017-08-06 01:16:05', '2017-08-14 11:01:42'),
(85, 71, '2', NULL, 'AQawILn120170806171707.1214000.jpg', 'AQawILn120170806171707.1214000-500x500.png', 'AQawILn120170806171707.1214000-150x150.png', 'AQawILn120170806171707.1214000-50x50.png', NULL, NULL, 1, NULL, 'pi1Fnjaw20170806171707.6599950', '2017-08-06 17:17:07', '2017-08-07 02:23:57'),
(86, 71, '2', NULL, 'NyftrApL20170806171713.0495150.jpeg', 'NyftrApL20170806171713.0495150-460x460.png', 'NyftrApL20170806171713.0495150-150x150.png', 'NyftrApL20170806171713.0495150-50x50.png', NULL, NULL, 1, NULL, 'zpsacWyC20170806171713.5312680', '2017-08-06 17:17:13', '2017-08-06 17:20:13'),
(87, 71, '2', NULL, 'exUqmpNF20170806171721.3213380.jpg', 'exUqmpNF20170806171721.3213380-500x669.71279373368.png', 'exUqmpNF20170806171721.3213380-150x200.9138381201.png', 'exUqmpNF20170806171721.3213380-50x66.971279373368.png', NULL, NULL, 1, NULL, 'g93cg4mI20170806171722.3214480', '2017-08-06 17:17:22', '2017-08-06 17:19:08'),
(88, 71, '2', NULL, 'GC23BFZD20170806171733.3837080.jpg', 'GC23BFZD20170806171733.3837080-500x500.png', 'GC23BFZD20170806171733.3837080-150x150.png', 'GC23BFZD20170806171733.3837080-50x50.png', NULL, NULL, 1, NULL, 'DU23vy2820170806171734.2570930', '2017-08-06 17:17:34', '2017-08-07 02:23:57'),
(89, 71, '2', NULL, 'tvxzzyTt20170806171740.0047210.jpg', 'tvxzzyTt20170806171740.0047210-500x482.65460030166.png', 'tvxzzyTt20170806171740.0047210-150x144.7963800905.png', 'tvxzzyTt20170806171740.0047210-50x48.265460030166.png', NULL, NULL, NULL, NULL, 'kjS3hy5F20170806171741.1625860', '2017-08-06 17:17:41', '2017-08-06 17:17:41'),
(90, 71, '2', NULL, '4BGV4dBS20170806171753.9649150.jpg', '4BGV4dBS20170806171753.9649150-500x500.png', '4BGV4dBS20170806171753.9649150-150x150.png', '4BGV4dBS20170806171753.9649150-50x50.png', NULL, NULL, 1, NULL, 'pNiWOplS20170806171754.6573410', '2017-08-06 17:17:54', '2017-08-06 17:18:18'),
(91, 71, '2', NULL, 'FValqh7c20170806171802.8685280.jpg', 'FValqh7c20170806171802.8685280-500x781.75895765472.png', 'FValqh7c20170806171802.8685280-150x234.52768729642.png', 'FValqh7c20170806171802.8685280-50x78.175895765472.png', NULL, NULL, 1, NULL, 'hquEol7b20170806171804.6752690', '2017-08-06 17:18:04', '2017-08-06 17:18:18'),
(92, 71, '1', NULL, '8AOk582d20170806171827.8663800.jpg', '8AOk582d20170806171827.8663800-500x669.71279373368.png', '8AOk582d20170806171827.8663800-150x200.9138381201.png', '8AOk582d20170806171827.8663800-50x66.971279373368.png', NULL, NULL, 1, NULL, 'xFrfnUSE20170806171829.8922730', '2017-08-06 17:18:29', '2017-08-06 17:18:36'),
(93, 71, '1', NULL, 'RmI1zs4N20170806171836.1185380.jpg', 'RmI1zs4N20170806171836.1185380-500x500.png', 'RmI1zs4N20170806171836.1185380-150x150.png', 'RmI1zs4N20170806171836.1185380-50x50.png', NULL, NULL, 1, NULL, 'U9Uojm4P20170806171836.9194160', '2017-08-06 17:18:36', '2017-08-06 17:18:53'),
(94, 71, '1', NULL, 'IEXmH2TC20170806171852.4793610.jpg', 'IEXmH2TC20170806171852.4793610-500x669.71279373368.png', 'IEXmH2TC20170806171852.4793610-150x200.9138381201.png', 'IEXmH2TC20170806171852.4793610-50x66.971279373368.png', NULL, NULL, 1, NULL, 'aplBI5Ik20170806171853.8652960', '2017-08-06 17:18:53', '2017-08-06 17:19:08'),
(95, 71, '1', NULL, '1NrQ7MTU20170806171920.1529260.jpg', '1NrQ7MTU20170806171920.1529260-500x482.65460030166.png', '1NrQ7MTU20170806171920.1529260-150x144.7963800905.png', '1NrQ7MTU20170806171920.1529260-50x48.265460030166.png', NULL, NULL, NULL, NULL, 'ZvDzg8eV20170806171921.3239210', '2017-08-06 17:19:21', '2017-08-06 17:19:21'),
(96, 71, '2', NULL, 'Iuxfzjzg20170807022338.3005850.jpg', 'Iuxfzjzg20170807022338.3005850-500x500.png', 'Iuxfzjzg20170807022338.3005850-150x150.png', 'Iuxfzjzg20170807022338.3005850-50x50.png', NULL, NULL, NULL, NULL, 'CpSLrjp920170807022339.1645480', '2017-08-07 02:23:39', '2017-08-07 02:23:39'),
(97, 1, '1', NULL, 'GmsXMDCj20170813010643.6019460.jpg', 'GmsXMDCj20170813010643.6019460-500x500.png', 'GmsXMDCj20170813010643.6019460-150x150.png', 'GmsXMDCj20170813010643.6019460-50x50.png', NULL, NULL, NULL, NULL, 'LG6ASULc20170813010644.1511310', '2017-08-13 01:06:44', '2017-08-14 23:37:06'),
(98, 1, '2', NULL, '41kY8QWV20170813010649.4000320.jpg', '41kY8QWV20170813010649.4000320-500x669.71279373368.png', '41kY8QWV20170813010649.4000320-150x200.9138381201.png', '41kY8QWV20170813010649.4000320-50x66.971279373368.png', NULL, NULL, 1, NULL, 'mpFzgbpQ20170813010651.0931930', '2017-08-13 01:06:51', '2017-08-14 23:36:08'),
(99, 1, '2', NULL, 'dpENddaX20170813010656.2555860.jpg', 'dpENddaX20170813010656.2555860-500x669.71279373368.png', 'dpENddaX20170813010656.2555860-150x200.9138381201.png', 'dpENddaX20170813010656.2555860-50x66.971279373368.png', NULL, NULL, NULL, NULL, 'htVBYinq20170813010657.5842590', '2017-08-13 01:06:57', '2017-08-13 01:06:57'),
(100, 3, '1', NULL, '7iTDZp5420170819160335.4770280.JPG', '7iTDZp5420170819160335.4770280-500x373.45679012346.png', '7iTDZp5420170819160335.4770280-150x112.03703703704.png', '7iTDZp5420170819160335.4770280-50x37.345679012346.png', NULL, NULL, 1, NULL, 'E6GC1acm20170819160336.7610660', '2017-08-19 16:03:36', '2017-08-22 23:52:46'),
(101, 3, '1', NULL, 'g3aYFqoR20170822235244.5229290.JPG', 'g3aYFqoR20170822235244.5229290-500x669.71279373368.png', 'g3aYFqoR20170822235244.5229290-150x200.9138381201.png', 'g3aYFqoR20170822235244.5229290-50x66.971279373368.png', NULL, NULL, 1, NULL, '2bnbNmLi20170822235246.3375710', '2017-08-22 23:52:46', '2017-08-23 00:51:11'),
(102, 3, '2', NULL, 'kN7Ajnq820170822235304.7843500.JPG', 'kN7Ajnq820170822235304.7843500-500x669.71279373368.png', 'kN7Ajnq820170822235304.7843500-150x200.9138381201.png', 'kN7Ajnq820170822235304.7843500-50x66.971279373368.png', NULL, NULL, NULL, NULL, 'Lfid54tT20170822235306.7449150', '2017-08-22 23:53:06', '2017-08-22 23:53:06'),
(103, 3, '2', NULL, 'ubqdTstW20170822235316.9311810.JPG', 'ubqdTstW20170822235316.9311810-500x373.45679012346.png', 'ubqdTstW20170822235316.9311810-150x112.03703703704.png', 'ubqdTstW20170822235316.9311810-50x37.345679012346.png', NULL, NULL, NULL, NULL, 's0JQRtG820170822235318.5416760', '2017-08-22 23:53:18', '2017-08-22 23:53:18'),
(104, 3, '3', 1, '0iY3WcJ220170823004118.5828910.JPG', '0iY3WcJ220170823004118.5828910-500x669.71279373368.png', '0iY3WcJ220170823004118.5828910-150x200.9138381201.png', '0iY3WcJ220170823004118.5828910-50x66.971279373368.png', NULL, NULL, 1, NULL, '811FpfSs20170823004120.0802380', '2017-08-23 00:41:20', '2017-08-23 00:48:04'),
(105, 3, '3', 1, 'IymRilXz20170823004435.9810510.JPG', 'IymRilXz20170823004435.9810510-500x373.45679012346.png', 'IymRilXz20170823004435.9810510-150x112.03703703704.png', 'IymRilXz20170823004435.9810510-50x37.345679012346.png', NULL, NULL, 1, NULL, 'VY3QvWlF20170823004437.7340320', '2017-08-23 00:44:37', '2017-08-23 00:49:12'),
(106, 3, '3', 1, 'lSPSEzz220170823004446.0163670.JPG', 'lSPSEzz220170823004446.0163670-500x669.71279373368.png', 'lSPSEzz220170823004446.0163670-150x200.9138381201.png', 'lSPSEzz220170823004446.0163670-50x66.971279373368.png', NULL, NULL, 1, NULL, 'sFnbUtTB20170823004447.8150010', '2017-08-23 00:44:47', '2017-08-23 00:49:12'),
(107, 3, '3', 1, 'NzYr0lvT20170823004928.8765550.jpg', 'NzYr0lvT20170823004928.8765550-500x855.61497326203.png', 'NzYr0lvT20170823004928.8765550-150x256.68449197861.png', 'NzYr0lvT20170823004928.8765550-50x85.561497326203.png', NULL, NULL, NULL, NULL, 'cr547cse20170823004930.7317130', '2017-08-23 00:49:30', '2017-08-23 00:49:30'),
(108, 3, '1', NULL, 'xdCsmn7d20170823005110.1593770.JPG', 'xdCsmn7d20170823005110.1593770-500x669.71279373368.png', 'xdCsmn7d20170823005110.1593770-150x200.9138381201.png', 'xdCsmn7d20170823005110.1593770-50x66.971279373368.png', NULL, NULL, 1, NULL, 'bXQz062320170823005111.7825960', '2017-08-23 00:51:11', '2017-09-09 01:01:26'),
(109, 3, '2', NULL, 'm3wGtWkq20170823005125.2042990.JPG', 'm3wGtWkq20170823005125.2042990-500x669.71279373368.png', 'm3wGtWkq20170823005125.2042990-150x200.9138381201.png', 'm3wGtWkq20170823005125.2042990-50x66.971279373368.png', NULL, NULL, NULL, NULL, 'VpvI0zHE20170823005126.7408950', '2017-08-23 00:51:26', '2017-08-23 00:51:26'),
(110, 3, '1', NULL, 'CfRIggYI20170909010124.4474040.JPG', 'CfRIggYI20170909010124.4474040-500x669.71279373368.png', 'CfRIggYI20170909010124.4474040-150x200.9138381201.png', 'CfRIggYI20170909010124.4474040-50x66.971279373368.png', NULL, NULL, NULL, NULL, 'mSc4i8ug20170909010126.2132650', '2017-09-09 01:01:26', '2017-09-09 01:01:26');

-- --------------------------------------------------------

--
-- 表的结构 `mpost`
--

CREATE TABLE `mpost` (
  `id` int(11) NOT NULL,
  `user_id` int(11) DEFAULT NULL,
  `internal_id` varchar(255) COLLATE utf8_unicode_ci NOT NULL,
  `category_id` int(3) DEFAULT NULL,
  `draft_id` int(11) DEFAULT NULL,
  `title` varchar(255) COLLATE utf8_unicode_ci NOT NULL,
  `description` text COLLATE utf8_unicode_ci NOT NULL,
  `is_zh` tinyint(1) DEFAULT NULL,
  `is_fr` tinyint(1) DEFAULT NULL,
  `is_en` tinyint(1) DEFAULT NULL,
  `displayed_home` tinyint(1) DEFAULT NULL,
  `view_number` int(11) DEFAULT NULL,
  `is_from_other_web` tinyint(1) DEFAULT NULL,
  `other_web` varchar(255) COLLATE utf8_unicode_ci DEFAULT NULL,
  `is_deleted` tinyint(1) DEFAULT '0',
  `deleted_by_user_id` int(11) DEFAULT NULL,
  `is_synchronized_by_cache` tinyint(1) DEFAULT NULL,
  `is_synchronized_by_search` tinyint(1) DEFAULT NULL,
  `slug` varchar(255) COLLATE utf8_unicode_ci NOT NULL,
  `top_time` datetime DEFAULT NULL,
  `created` datetime NOT NULL,
  `updated` datetime NOT NULL
) ENGINE=InnoDB DEFAULT CHARSET=utf8 COLLATE=utf8_unicode_ci;

--
-- 转存表中的数据 `mpost`
--

INSERT INTO `mpost` (`id`, `user_id`, `internal_id`, `category_id`, `draft_id`, `title`, `description`, `is_zh`, `is_fr`, `is_en`, `displayed_home`, `view_number`, `is_from_other_web`, `other_web`, `is_deleted`, `deleted_by_user_id`, `is_synchronized_by_cache`, `is_synchronized_by_search`, `slug`, `top_time`, `created`, `updated`) VALUES
(1, 3, '4GQtzawTHq5JzNktb13449DBiN8iDf4R20170520152223.2420000', NULL, NULL, '我想吃糖', 'hei hei hei', 1, 0, 0, 1, NULL, 0, NULL, 0, NULL, 1, 1, 'heihei-20170814171240.7683070', NULL, '2017-05-20 15:15:00', '2017-08-30 01:18:48'),
(2, 3, 'U6tPKMS3M0EbQD7svMpUeCONAl2EJ1mJ20170520153219.9999230', NULL, NULL, 'hahahaha哈哈哈', '大家好啊，我是秦成good test ', NULL, NULL, NULL, 1, NULL, NULL, NULL, NULL, NULL, 1, NULL, 'hahahaha哈哈哈-20170520153219.9999360', NULL, '2017-05-20 15:32:20', '2017-05-20 15:32:20'),
(3, 3, 'RskaQ3KoHjR8PPlIjAdF7LiVVN98HBBR20170520161426.9762700', NULL, NULL, 'hahahaha哈哈哈', '大家好啊，我是秦成good test ', NULL, NULL, NULL, 1, NULL, NULL, NULL, NULL, NULL, 1, NULL, 'hahahaha哈哈哈-20170520161426.9762830', NULL, '2017-05-20 16:14:27', '2017-05-20 16:14:27'),
(4, 3, 'uu6jGDBTZKtxhCt9xQGEi0KqxA2LMKJO20170520161557.3034420', NULL, NULL, 'hahahaha哈哈哈', '大家好啊，我是秦成good test ', NULL, NULL, NULL, 1, NULL, NULL, NULL, NULL, NULL, 1, NULL, 'hahahaha哈哈哈-20170520161557.3034540', NULL, '2017-05-20 16:15:57', '2017-05-20 16:15:57'),
(5, 3, 'I9Bx0BJIqRWwTaJeR2stCCVfgj2VICOu20170520161559.0369000', NULL, NULL, 'hahahaha哈哈哈', '大家好啊，我是秦成good test ', NULL, NULL, NULL, 1, NULL, NULL, NULL, NULL, NULL, 1, NULL, 'hahahaha哈哈哈-20170520161559.0369130', NULL, '2017-05-20 16:15:59', '2017-05-20 16:15:59'),
(6, 3, 'VQknx66K9WwByvA3QCzwagDkuvDg4oL520170520162752.1637990', NULL, NULL, 'hahahaha哈哈哈', '大家好啊，我是秦成good test ', NULL, NULL, NULL, 1, NULL, NULL, NULL, NULL, NULL, 1, NULL, 'hahahaha哈哈哈-20170520162752.1638130', NULL, '2017-05-20 16:27:52', '2017-05-20 16:27:52'),
(7, 3, 'DrxFIhNpaYzcHc87k68zXSIipMUoWgCI20170520163303.2366740', NULL, NULL, '我很喜欢nba', '大家好啊，我是秦成good test ', NULL, NULL, NULL, 1, NULL, NULL, NULL, NULL, NULL, 1, NULL, '我很喜欢nba-20170520163303.2366930', NULL, '2017-05-20 16:33:03', '2017-05-20 16:33:03'),
(33, 3, 'QiPf9G62gMhlDLYpnESuGwhJmETbe4So20170525004327.9182430', NULL, NULL, '我很喜欢nba', '大家好啊，我是秦成good test ', NULL, NULL, NULL, 1, NULL, NULL, NULL, NULL, NULL, 1, NULL, '我很喜欢nba-20170525004327.9182570', NULL, '2017-05-25 00:43:28', '2017-05-25 00:43:28'),
(37, 3, 'FW1b6PYUj4hPAYVK65t84TeOIUgJ8TaX20170525023825.7187860', NULL, NULL, '我很喜欢nba', '大家好啊，我是秦成good test ', NULL, NULL, NULL, 1, NULL, NULL, NULL, NULL, NULL, 1, NULL, '我很喜欢nba-20170525023825.7187970', NULL, '2017-05-25 02:38:25', '2017-05-25 02:38:25'),
(38, 3, 'KOAgW9d9eJPHpO2FYqMUTwU6jYRor16G20170525023830.4536330', NULL, NULL, '我很喜欢nba', '大家好啊，我是秦成good test ', NULL, NULL, NULL, 1, NULL, NULL, NULL, NULL, NULL, 1, NULL, '我很喜欢nba-20170525023830.4536440', NULL, '2017-05-25 02:38:30', '2017-05-25 02:38:30'),
(43, 3, 'iuHomY5RMR7ltGUlgO4WusQ8mMXuGHo920170525025600.2014640', NULL, NULL, '我很喜欢nba', '大家好啊，我是秦成good test ', NULL, NULL, NULL, 1, NULL, NULL, NULL, NULL, NULL, 1, NULL, '我很喜欢nba-20170525025600.2014810', NULL, '2017-05-25 02:56:00', '2017-05-25 02:56:00'),
(44, 3, 'cT9dYMXIvnwFl3Nfj5wy6YHHaD6h9QEp20170525025609.0144470', NULL, NULL, '我很喜欢nba', '大家好啊，我是秦成good test ', NULL, NULL, NULL, 1, NULL, NULL, NULL, NULL, NULL, 1, NULL, '我很喜欢nba-20170525025609.0144660', NULL, '2017-05-25 02:56:09', '2017-05-25 02:56:09'),
(45, 3, 'CA42nSa619mOSuPAdZ9MzZSNyunuCtVj20170525025744.4495700', NULL, NULL, '我很喜欢nba', '大家好啊，我是秦成good test ', NULL, NULL, NULL, 1, NULL, NULL, NULL, NULL, NULL, 1, NULL, '我很喜欢nba-20170525025744.4495810', NULL, '2017-05-25 02:57:44', '2017-05-25 02:57:44'),
(46, 3, 'JSqq3Aq6xh8G7PyxjPLghwe1DgTSYBVp20170525025745.7087170', NULL, NULL, '我很喜欢nba', '大家好啊，我是秦成good test ', NULL, NULL, NULL, 1, NULL, NULL, NULL, NULL, NULL, 1, NULL, '我很喜欢nba-20170525025745.7087390', NULL, '2017-05-25 02:57:45', '2017-05-25 02:57:45'),
(47, 3, '0S8Gv2xUwfsE8YrGNG9J49K2VLZx4ApQ20170525025955.9692740', NULL, NULL, '我很喜欢nba', '大家好啊，我是秦成good test ', NULL, NULL, NULL, 1, NULL, NULL, NULL, NULL, NULL, 1, NULL, '我很喜欢nba-20170525025955.9692950', NULL, '2017-05-25 02:59:56', '2017-05-25 02:59:56'),
(50, 3, 'LkMIbON0jB9E5ol5mL9O0fq6y3FGcjFS20170525030232.5044480', NULL, NULL, '我很喜欢nba', '大家好啊，我是秦成good test ', NULL, NULL, NULL, 1, NULL, NULL, NULL, NULL, NULL, 1, NULL, '我很喜欢nba-20170525030232.5044590', NULL, '2017-05-25 03:02:32', '2017-05-25 03:02:32'),
(51, 3, 'Eow1ebha45LahBbIOMMKBBjoxf1A1Cq920170525030309.9688060', NULL, NULL, '我很喜欢nba', '大家好啊，我是秦成good test ', NULL, NULL, NULL, 1, NULL, NULL, NULL, NULL, NULL, 1, NULL, '我很喜欢nba-20170525030309.9688260', NULL, '2017-05-25 03:03:10', '2017-05-25 03:03:10'),
(52, 3, 'VdMWbnqMdM9bNiCcmPVyE7qVHeBmyPls20170525030324.4004230', NULL, NULL, '我很喜欢nba', '大家好啊，我是秦成good test ', NULL, NULL, NULL, 1, NULL, NULL, NULL, NULL, NULL, 1, NULL, '我很喜欢nba-20170525030324.4004330', NULL, '2017-05-25 03:03:24', '2017-05-25 03:03:24'),
(53, 3, 'zPDr70zdUQ30Ze9ky765054WpSKGZhub20170525030351.8145080', NULL, NULL, '我很喜欢nba', '大家好啊，我是秦成good test ', NULL, NULL, NULL, 1, NULL, NULL, NULL, NULL, NULL, 1, NULL, '我很喜欢nba-20170525030351.8145200', NULL, '2017-05-25 03:03:51', '2017-05-25 03:03:51'),
(54, 3, 'iq94LMJ4n6oLcCVawQP3um05nrOZWbj420170525030611.7415950', NULL, NULL, '我很喜欢nba', '大家好啊，我是秦成good test ', NULL, NULL, NULL, 1, NULL, NULL, NULL, NULL, NULL, 1, NULL, '我很喜欢nba-20170525030611.7416070', NULL, '2017-05-25 03:06:11', '2017-05-25 03:06:11'),
(55, 3, 'HcgabFsyxR0BOfqpxwijnYGwpA2FMpja20170525030818.2729270', NULL, NULL, '我很喜欢nba', '大家好啊，我是秦成good test ', NULL, NULL, NULL, 1, NULL, NULL, NULL, NULL, NULL, 1, 1, '我很喜欢nba-20170525030818.2729410', NULL, '2017-05-25 03:08:18', '2017-05-25 03:08:18'),
(56, 3, '05wOOvUJL1Vk5Qyxj9OFdyBGHLGyRgh520170525030917.4836030', NULL, NULL, '我很喜欢nba', '大家好啊，我是秦成good test ', NULL, NULL, NULL, 1, NULL, NULL, NULL, NULL, NULL, 1, 1, '我很喜欢nba-20170525030917.4836190', NULL, '2017-05-25 03:09:17', '2017-05-25 03:09:17'),
(57, 3, '0S0ynJr3uV78Lvh54JHmpAZSnEth0KJi20170525031131.6243580', NULL, NULL, '我很喜欢nba', '大家好啊，我是秦成good test ', NULL, NULL, NULL, 1, NULL, NULL, NULL, NULL, NULL, 1, 1, '我很喜欢nba-20170525031131.6243730', NULL, '2017-05-25 03:11:31', '2017-05-25 03:11:31'),
(58, 3, 'zqwru4hfuAitxQ6kOsfomAjdXNYnJi6520170525031217.6302000', NULL, NULL, '我很喜欢nba', '大家好啊，我是秦成good test ', NULL, NULL, NULL, 1, NULL, NULL, NULL, NULL, NULL, 1, 1, '我很喜欢nba-20170525031217.6302110', NULL, '2017-05-25 03:12:17', '2017-05-25 03:12:17'),
(59, 3, 's0tb1XVkt70TaQMWi3MEVdV4qEvKtVyy20170525031518.1827690', NULL, NULL, '我很喜欢nba', '大家好啊，我是秦成good test ', NULL, NULL, NULL, 1, NULL, NULL, NULL, NULL, NULL, 1, 1, '我很喜欢nba-20170525031518.1827870', NULL, '2017-05-25 03:15:18', '2017-05-25 03:15:18'),
(60, 3, 'XkkyBafJ4kwYh1Rg4Otf4uSmt7R0OS9x20170525031655.0807100', NULL, NULL, '我很喜欢nba', '大家好啊，我是秦成good test ', NULL, NULL, NULL, 1, NULL, NULL, NULL, NULL, NULL, 1, 1, '我很喜欢nba-20170525031655.0807240', NULL, '2017-05-25 03:16:55', '2017-05-25 03:16:55'),
(61, 3, '0mcxHYQKid7mZkZB0mLA9ZLkpaGJOBnk20170525031732.2104220', NULL, NULL, '我很喜欢nba', '大家好啊，我是秦成good test ', NULL, NULL, NULL, 1, NULL, NULL, NULL, NULL, NULL, 1, 1, '我很喜欢nba-20170525031732.2104410', NULL, '2017-05-25 03:17:32', '2017-05-25 03:17:32'),
(62, 3, '28Pyzp61nP5PwxJzv54wZZtLGdMKQcze20170525031806.8793030', NULL, NULL, '我很喜欢nba', '大家好啊，我是秦成good test ', NULL, NULL, NULL, 1, NULL, NULL, NULL, NULL, NULL, 1, 1, '我很喜欢nba-20170525031806.8793140', NULL, '2017-05-25 03:18:06', '2017-05-25 03:18:06'),
(63, 3, 'PqT0S23J5Xhfli5behjQ0ekt252lIQQR20170525031819.6711070', NULL, NULL, '我很喜欢nba', '大家好啊，我是秦成good test ', NULL, NULL, NULL, 1, NULL, NULL, NULL, NULL, NULL, 1, NULL, '我很喜欢nba-20170525031819.6711220', NULL, '2017-05-25 03:18:19', '2017-05-25 03:18:19'),
(64, 3, '6m4lhVZdx40ti79HhvZRvzOlCIhxhVJm20170525031954.7614220', NULL, NULL, '我很喜欢nba', '大家好啊，我是秦成good test ', NULL, NULL, NULL, 1, NULL, NULL, NULL, NULL, NULL, 1, 1, '我很喜欢nba-20170525031954.7614330', NULL, '2017-05-25 03:19:54', '2017-05-25 03:19:54'),
(65, 3, 'yhhpJBEXUKqpI80WIyDZGz1HN26FXIge20170525032009.2692080', NULL, NULL, '我很喜欢nba', '大家好啊，我是秦成good test ', NULL, NULL, NULL, 1, NULL, NULL, NULL, NULL, NULL, 1, NULL, '我很喜欢nba-20170525032009.2692250', NULL, '2017-05-25 03:20:09', '2017-05-25 03:20:09'),
(66, 3, 'IXgDmv2K9Iz7RcEkkknt7hr2PWzf0A5I20170525032029.4375410', NULL, NULL, '我很喜欢nba', '大家好啊，我是秦成good test ', NULL, NULL, NULL, 1, NULL, NULL, NULL, NULL, NULL, 1, 1, '我很喜欢nba-20170525032029.4375550', NULL, '2017-05-25 03:20:29', '2017-05-25 03:20:29'),
(67, 3, 'm8bFoKNOzM6Lzohh1F5lrU9x9tDR5vRG20170525032148.4404950', NULL, NULL, '我很喜欢nba', '大家好啊，我是秦成good test ', NULL, NULL, NULL, 1, NULL, NULL, NULL, NULL, NULL, 1, 1, '我很喜欢nba-20170525032148.4405090', NULL, '2017-05-25 03:21:48', '2017-05-25 03:21:48'),
(68, 3, 'J0XqIGnCZ9gMAeYpY3JkMG0kofacfcoH20170525032339.0835930', NULL, NULL, '我很喜欢nba', '大家好啊，我是秦成good test ', NULL, NULL, NULL, 1, NULL, NULL, NULL, NULL, NULL, 1, NULL, '我很喜欢nba-20170525032339.0836030', NULL, '2017-05-25 03:23:39', '2017-05-25 03:23:39'),
(69, 3, 'UsaN42cdYe0Avm9bZNmn0udL9Hx8c1PS20170525034233.0437960', NULL, NULL, '我很喜欢nba', '大家好啊，我是秦成good test ', NULL, NULL, NULL, 1, NULL, NULL, NULL, NULL, NULL, 1, NULL, '我很喜欢nba-20170525034233.0438140', NULL, '2017-05-25 03:42:33', '2017-05-25 03:42:33'),
(70, 3, 'kDK8fEqk65ZXBuTkqRZaNMAuZTYwk62v20170525034717.8085240', NULL, NULL, '我很喜欢nba', '大家好啊，我是秦成good test ', NULL, NULL, NULL, 1, NULL, NULL, NULL, NULL, NULL, 1, NULL, '我很喜欢nba-20170525034717.8085350', NULL, '2017-05-25 03:47:17', '2017-05-25 03:47:17'),
(71, 3, 'ZWlWNIJcSEpO8vYllROpKv6L6QBSRXX720170525034748.2338530', NULL, NULL, '我很喜欢nba', '大家好啊，我是秦成good test ', NULL, NULL, NULL, 1, NULL, NULL, NULL, NULL, NULL, 1, 1, '我很喜欢nba-20170525034748.2338680', NULL, '2017-05-25 03:47:48', '2017-05-25 03:47:48'),
(72, 3, 'g66kblQ1hvmQeUL0uJodIgThlGypkjWQ20170525034755.4245880', NULL, NULL, '我很喜欢nba', '大家好啊，我是秦成good test ', NULL, NULL, NULL, 1, NULL, NULL, NULL, NULL, NULL, 1, 1, '我很喜欢nba-20170525034755.4245990', NULL, '2017-05-25 03:47:55', '2017-05-25 03:47:55'),
(73, 3, 'GFHwIHdO91xtyl9iFptf0G7aoGYQfrir20170525034805.2556820', NULL, NULL, '我很喜欢nba', '大家好啊，我是秦成good test ', NULL, NULL, NULL, 1, NULL, NULL, NULL, NULL, NULL, 1, NULL, '我很喜欢nba-20170525034805.2556940', NULL, '2017-05-25 03:48:05', '2017-05-25 03:48:05'),
(74, 3, 'v2lhwG60w88NAbcPmVMyI4Jfpjc7aPVi20170525034807.8732740', NULL, NULL, '我很喜欢nba', '大家好啊，我是秦成good test ', NULL, NULL, NULL, 1, NULL, NULL, NULL, NULL, NULL, 1, NULL, '我很喜欢nba-20170525034807.8732860', NULL, '2017-05-25 03:48:07', '2017-05-25 03:48:07'),
(75, 3, 'NVOR877pEN6bBYytqYu0Sd6XiicfYjr020170525034854.8281150', NULL, NULL, '我很喜欢nba', '大家好啊，我是秦成good test ', NULL, NULL, NULL, 1, NULL, NULL, NULL, NULL, NULL, 1, NULL, '我很喜欢nba-20170525034854.8281290', NULL, '2017-05-25 03:48:54', '2017-05-25 03:48:54'),
(76, 3, 'l9XvRNOKQ2BTLgCWisWhC0wBOjRzZSlw20170525034858.6882390', NULL, NULL, '我很喜欢nba', '大家好啊，我是秦成good test ', NULL, NULL, NULL, 1, NULL, NULL, NULL, NULL, NULL, 1, 1, '我很喜欢nba-20170525034858.6882570', NULL, '2017-05-25 03:48:58', '2017-05-25 03:48:58'),
(77, 3, 'arzbxsto1y7PzuERvZ3l1Th4Su7bwy1n20170525034919.1735040', NULL, NULL, '我很喜欢nba', '大家好啊，我是秦成good test ', NULL, NULL, NULL, 1, NULL, NULL, NULL, NULL, NULL, 1, 1, '我很喜欢nba-20170525034919.1735180', NULL, '2017-05-25 03:49:19', '2017-05-25 03:49:19'),
(78, 3, 'xcb6IJsDyQ8wfXXnjZzhCX6cTnV27At420170525034920.3559930', NULL, NULL, '我很喜欢nba', '大家好啊，我是秦成good test ', NULL, NULL, NULL, 1, NULL, NULL, NULL, NULL, NULL, 1, 1, '我很喜欢nba-20170525034920.3560030', NULL, '2017-05-25 03:49:20', '2017-05-25 03:49:20'),
(79, 3, 'K2TAQg82PwlT0a7EZe64XNgrQFkk85Oi20170525034922.1603560', NULL, NULL, '我很喜欢nba', '大家好啊，我是秦成good test ', NULL, NULL, NULL, 1, NULL, NULL, NULL, NULL, NULL, 1, 1, '我很喜欢nba-20170525034922.1603670', NULL, '2017-05-25 03:49:22', '2017-05-25 03:49:22'),
(80, 3, 'IbHdibxJpR5EuOxoorOwHaPIQI4i8l7N20170525034923.7551550', NULL, NULL, '我很喜欢nba', '大家好啊，我是秦成good test ', NULL, NULL, NULL, 1, NULL, NULL, NULL, NULL, NULL, 1, 1, '我很喜欢nba-20170525034923.7551750', NULL, '2017-05-25 03:49:23', '2017-05-25 03:49:23'),
(81, 3, 'mzcnIcvPx3Pb8CenGSQp0kWrRoeEGrpq20170525034932.6194480', NULL, NULL, '我很喜欢nba', '大家好啊，我是秦成good test ', NULL, NULL, NULL, 1, NULL, NULL, NULL, NULL, NULL, 1, NULL, '我很喜欢nba-20170525034932.6194580', NULL, '2017-05-25 03:49:32', '2017-05-25 03:49:32'),
(82, 3, 'OKgroaeC84Q9CtB01bI2MjX6lypFmtXF20170525035121.7833510', NULL, NULL, '我很喜欢nba', '大家好啊，我是秦成good test ', NULL, NULL, NULL, 1, NULL, NULL, NULL, NULL, NULL, 1, 0, '我很喜欢nba-20170525035121.7833610', NULL, '2017-05-25 03:51:21', '2017-05-25 03:51:21'),
(83, 3, 'LwGuYz2IaHN7aW5SPtS229sZWzIqiI2020170525035127.3247850', NULL, NULL, '我很喜欢nba', '大家好啊，我是秦成good test ', NULL, NULL, NULL, 1, NULL, NULL, NULL, NULL, NULL, 1, 0, '我很喜欢nba-20170525035127.3247970', NULL, '2017-05-25 03:51:27', '2017-05-25 03:51:27'),
(84, 3, 'ASoq7HhMfar3bgIz7ys9GokbJEVocF0G20170525035146.3365860', NULL, NULL, '我很喜欢nba', '大家好啊，我是秦成good test ', NULL, NULL, NULL, 1, NULL, NULL, NULL, NULL, NULL, 1, 1, '我很喜欢nba-20170525035146.3366050', NULL, '2017-05-25 03:51:46', '2017-05-25 03:51:46'),
(85, 3, 'r2se7NpZzqiAf5FjNKRQ2p0RNrIGIxW920170525035148.9778930', NULL, NULL, '我很喜欢nba', '大家好啊，我是秦成good test ', NULL, NULL, NULL, 1, NULL, NULL, NULL, NULL, NULL, 1, 1, '我很喜欢nba-20170525035148.9779050', NULL, '2017-05-25 03:51:49', '2017-05-25 03:51:49'),
(86, 3, 'dOem1xjTV5d9usmH7yP76t7GQy6HXckC20170525035151.3461440', NULL, NULL, '我很喜欢nba', '大家好啊，我是秦成good test ', NULL, NULL, NULL, 1, NULL, NULL, NULL, NULL, NULL, 1, 1, '我很喜欢nba-20170525035151.3461610', NULL, '2017-05-25 03:51:51', '2017-05-25 03:51:51'),
(87, 3, 'iEqs78GIEzkElM87iQgxfGRzvCKzywAC20170525035153.1308580', NULL, NULL, '我很喜欢nba', '大家好啊，我是秦成good test ', NULL, NULL, NULL, 1, NULL, NULL, NULL, NULL, NULL, 1, 1, '我很喜欢nba-20170525035153.1308770', NULL, '2017-05-25 03:51:53', '2017-05-25 03:51:53'),
(88, 3, '0SRmT30pp0xoFHYh2lXeIiBtjkqBgPVv20170525035457.0540860', NULL, NULL, '我很喜欢nba', '大家好啊，我是秦成good test ', NULL, NULL, NULL, 1, NULL, NULL, NULL, NULL, NULL, 1, 1, '我很喜欢nba-20170525035457.0540960', NULL, '2017-05-25 03:54:57', '2017-05-25 03:54:57'),
(89, 3, 'M91wNoy16UqemejXFZDwU0utDHSy9Nag20170525035504.1896880', NULL, NULL, '我很喜欢nba', '大家好啊，我是秦成good test ', NULL, NULL, NULL, 1, NULL, NULL, NULL, NULL, NULL, 1, 0, '我很喜欢nba-20170525035504.1897000', NULL, '2017-05-25 03:55:04', '2017-05-25 03:55:04'),
(90, 3, 'S6WNA9DGLABLEjYi6bPojkR8JOnJqdRF20170525035522.2005310', NULL, NULL, '我很喜欢nba', '大家好啊，我是秦成good test ', NULL, NULL, NULL, 1, NULL, NULL, NULL, NULL, NULL, 1, 1, '我很喜欢nba-20170525035522.2005520', NULL, '2017-05-25 03:55:22', '2017-05-25 03:55:22'),
(91, 3, 'mottPghgRtM61fbMwAnloJpevUSzq1Db20170525040107.7047340', NULL, NULL, '我很喜欢nba', '大家好啊，我是秦成good test ', NULL, NULL, NULL, 1, NULL, NULL, NULL, NULL, NULL, 1, 0, '我很喜欢nba-20170525040107.7047540', NULL, '2017-05-25 04:01:07', '2017-05-25 04:01:07'),
(92, 3, '4jew7ImUfBMdpQz0BbZ2ORYKKqY3zwuL20170525040124.7493930', NULL, NULL, '我很喜欢nba', '大家好啊，我是秦成good test ', NULL, NULL, NULL, 1, NULL, NULL, NULL, NULL, NULL, 1, 0, '我很喜欢nba-20170525040124.7494060', NULL, '2017-05-25 04:01:24', '2017-05-25 04:01:24'),
(93, 3, 'hQixInOrhtQl1P68y3Z42Dd3HsBC2jMo20170525040152.2615450', NULL, NULL, '我很喜欢nba', '大家好啊，我是秦成good test ', NULL, NULL, NULL, 1, NULL, NULL, NULL, NULL, NULL, 1, 0, '我很喜欢nba-20170525040152.2615550', NULL, '2017-05-25 04:01:52', '2017-05-25 04:01:52'),
(94, 3, 'xbkAEbxCKFUeLOdgR6ZlUhcqraZJnNE020170525040523.1549890', NULL, NULL, '我很喜欢nba', '大家好啊，我是秦成good test ', NULL, NULL, NULL, 1, NULL, NULL, NULL, NULL, NULL, 1, 1, '我很喜欢nba-20170525040523.1550080', NULL, '2017-05-25 04:05:23', '2017-05-25 04:05:23'),
(95, 3, 'uDt2MEK1FX0gR0HuDLZZ7uNunuzppMld20170525040525.1240480', NULL, NULL, '我很喜欢nba', '大家好啊，我是秦成good test ', NULL, NULL, NULL, 1, NULL, NULL, NULL, NULL, NULL, 1, 1, '我很喜欢nba-20170525040525.1240590', NULL, '2017-05-25 04:05:25', '2017-05-25 04:05:25'),
(96, 3, 'mdgEtEWRqKz2D0U9piI5peJaDxLZtc2520170525040526.6720310', NULL, NULL, '我很喜欢nba', '大家好啊，我是秦成good test ', NULL, NULL, NULL, 1, NULL, NULL, NULL, NULL, NULL, 1, 1, '我很喜欢nba-20170525040526.6720500', NULL, '2017-05-25 04:05:26', '2017-05-25 04:05:26'),
(97, 3, 'wU2r4ZpSRh3zGMzaN5ughEm4GVlRUq3U20170525040533.6301150', NULL, NULL, '我很喜欢nba', '大家好啊，我是秦成good test ', NULL, NULL, NULL, 1, NULL, NULL, NULL, NULL, NULL, 1, 1, '我很喜欢nba-20170525040533.6301290', NULL, '2017-05-25 04:05:33', '2017-05-25 04:05:33'),
(98, 3, 'f5aZEXHjVobrnjtUUQCsGCHsrkAwFtsg20170525040535.0238340', NULL, NULL, '我很喜欢nba', '大家好啊，我是秦成good test ', NULL, NULL, NULL, 1, NULL, NULL, NULL, NULL, NULL, 1, 1, '我很喜欢nba-20170525040535.0238550', NULL, '2017-05-25 04:05:35', '2017-05-25 04:05:35'),
(99, 3, 'GxfNcYhdBLpBmcVJlYe93wtdExtRoMPp20170525040536.8712360', NULL, NULL, '我很喜欢nba', '大家好啊，我是秦成good test ', NULL, NULL, NULL, 1, NULL, NULL, NULL, NULL, NULL, 1, 1, '我很喜欢nba-20170525040536.8712550', NULL, '2017-05-25 04:05:36', '2017-05-25 04:05:36'),
(100, 3, 'icVdmjvtvKmTZx2YX1Xtqu4BxtkAiFtB20170525040538.9465810', NULL, NULL, '我很喜欢nba', '大家好啊，我是秦成good test ', NULL, NULL, NULL, 1, NULL, NULL, NULL, NULL, NULL, 1, 1, '我很喜欢nba-20170525040538.9465930', NULL, '2017-05-25 04:05:39', '2017-05-25 04:05:39'),
(101, 3, '6E7XUD7tj92xUHObKjrE3qvWJT22yqUW20170525040647.3453360', NULL, NULL, '我很喜欢nba', '大家好啊，我是秦成good test ', NULL, NULL, NULL, 1, NULL, NULL, NULL, NULL, NULL, 1, 1, '我很喜欢nba-20170525040647.3453550', NULL, '2017-05-25 04:06:47', '2017-05-25 04:06:47'),
(102, 3, 'wUPWsODajimwpNGse3OYlubUsEbh3Gdg20170525040649.0663200', NULL, NULL, '我很喜欢nba', '大家好啊，我是秦成good test ', NULL, NULL, NULL, 1, NULL, NULL, NULL, NULL, NULL, 1, 1, '我很喜欢nba-20170525040649.0663420', NULL, '2017-05-25 04:06:49', '2017-05-25 04:06:49'),
(103, 3, 'u0VwKAHrxdySndfOIPHA3QQfKVz725nC20170525040650.7446610', NULL, NULL, '我很喜欢nba', '大家好啊，我是秦成good test ', NULL, NULL, NULL, 1, NULL, NULL, NULL, NULL, NULL, 1, 1, '我很喜欢nba-20170525040650.7446730', NULL, '2017-05-25 04:06:50', '2017-05-25 04:06:50'),
(104, 3, 'mK7v6nQjJyZwqdfT8cqhjydAsTPHxpz420170525040652.0854410', NULL, NULL, '我很喜欢nba', '大家好啊，我是秦成good test ', NULL, NULL, NULL, 1, NULL, NULL, NULL, NULL, NULL, 1, 1, '我很喜欢nba-20170525040652.0854540', NULL, '2017-05-25 04:06:52', '2017-05-25 04:06:52'),
(105, 3, 'JF2SHju9UEtOjb4jmNINjRFv0HsKVkzG20170525040653.3164940', NULL, NULL, '我很喜欢nba', '大家好啊，我是秦成good test ', NULL, NULL, NULL, 1, NULL, NULL, NULL, NULL, NULL, 1, 1, '我很喜欢nba-20170525040653.3165130', NULL, '2017-05-25 04:06:53', '2017-05-25 04:06:53'),
(106, 3, 't8woS0vs5SOx8tC4Vnf5Aw7BhbbwZQ4o20170525040654.5412880', NULL, NULL, '我很喜欢nba', '大家好啊，我是秦成good test ', NULL, NULL, NULL, 1, NULL, NULL, NULL, NULL, NULL, 1, 1, '我很喜欢nba-20170525040654.5413010', NULL, '2017-05-25 04:06:54', '2017-05-25 04:06:54'),
(107, 3, 'QauP8da6FgYvWUm89V5chfeX6WihKZh820170525040655.5580620', NULL, NULL, '我很喜欢nba', '大家好啊，我是秦成good test ', NULL, NULL, NULL, 1, NULL, NULL, NULL, NULL, NULL, 1, 1, '我很喜欢nba-20170525040655.5580790', NULL, '2017-05-25 04:06:55', '2017-05-25 04:06:55'),
(108, 3, 'yqHU0L1SlXcA9LwzZyv2lA8ewktb4SFM20170525040656.7391440', NULL, NULL, '我很喜欢nba', '大家好啊，我是秦成good test ', NULL, NULL, NULL, 1, NULL, NULL, NULL, NULL, NULL, 1, 1, '我很喜欢nba-20170525040656.7391570', NULL, '2017-05-25 04:06:56', '2017-05-25 04:06:56'),
(109, 3, '7wsWrhfDCQhK6PKrtXGpfjxRM1xnSgCt20170525040657.8549320', NULL, NULL, '我很喜欢nba', '大家好啊，我是秦成good test ', NULL, NULL, NULL, 1, NULL, NULL, NULL, NULL, NULL, 1, 1, '我很喜欢nba-20170525040657.8549440', NULL, '2017-05-25 04:06:57', '2017-05-25 04:06:57'),
(110, 3, '4XZFNQeBHXiO3CZfqeup4aZJ2AGAzD5Y20170525040659.1045090', NULL, NULL, '我很喜欢nba', '大家好啊，我是秦成good test ', NULL, NULL, NULL, 1, NULL, NULL, NULL, NULL, NULL, 1, 1, '我很喜欢nba-20170525040659.1045250', NULL, '2017-05-25 04:06:59', '2017-05-25 04:06:59'),
(111, 3, 'OkCC3UB72JbV7ayt1phyunqxXXy0xtt220170525040700.2775180', NULL, NULL, '我很喜欢nba', '大家好啊，我是秦成good test ', NULL, NULL, NULL, 1, NULL, NULL, NULL, NULL, NULL, 1, 1, '我很喜欢nba-20170525040700.2775310', NULL, '2017-05-25 04:07:00', '2017-05-25 04:07:00'),
(112, 3, 'XV0pJoSbhjztT3LzAmlRDx2atEqYZjnT20170525040702.1278940', NULL, NULL, '我很喜欢nba', '大家好啊，我是秦成good test ', NULL, NULL, NULL, 1, NULL, NULL, NULL, NULL, NULL, 1, 1, '我很喜欢nba-20170525040702.1279060', NULL, '2017-05-25 04:07:02', '2017-05-25 04:07:02'),
(113, 3, 'C1z6YkLZb1elvYGWDo6OrJ4Y19sZSmri20170530022154.7488200', NULL, NULL, '我很喜欢nba', '大家好啊，我是秦成good test ', NULL, NULL, NULL, 1, NULL, NULL, NULL, NULL, NULL, 1, 1, '我很喜欢nba-20170530022154.7488320', NULL, '2017-05-30 02:21:54', '2017-05-30 02:21:54'),
(114, 3, 'kK7oGCpugouXSK8ZY53jngDR97ob16LU20170530022202.7815280', NULL, NULL, '我很喜欢nba', '大家好啊，我是秦成good test ', NULL, NULL, NULL, 1, NULL, NULL, NULL, NULL, NULL, 1, 1, '我很喜欢nba-20170530022202.7815460', NULL, '2017-05-30 02:22:02', '2017-05-30 02:22:02'),
(115, 3, 'DcLtNzl24S3NPWZVRMwpUzEtQlmw439220170601050058.6440330', NULL, NULL, '我很喜欢nba', '大家好啊，我是秦成good test ', NULL, NULL, NULL, 1, NULL, NULL, NULL, NULL, NULL, 1, 1, '我很喜欢nba-20170601050058.6440420', NULL, '2017-06-01 05:00:58', '2017-06-01 05:00:58'),
(116, 3, 'EprxGroYwDs0FVdwVhwVxrPE8M8fuQqE20170601050355.9553150', NULL, NULL, '我很喜欢nba', '大家好啊，我是秦成good test ', NULL, NULL, NULL, 1, NULL, NULL, NULL, NULL, NULL, 1, 1, '我很喜欢nba-20170601050355.9553280', NULL, '2017-06-01 05:03:55', '2017-06-01 05:03:55'),
(117, 3, 'MitPrTcK7WI2X6eyM2X8A5QK8QppQoJD20170601050357.5820700', NULL, NULL, '我很喜欢nba', '大家好啊，我是秦成good test ', NULL, NULL, NULL, 1, NULL, NULL, NULL, NULL, NULL, 1, 1, '我很喜欢nba-20170601050357.5820850', NULL, '2017-06-01 05:03:57', '2017-06-01 05:03:57'),
(118, 3, 'J23GFOFCHjGzzt7HzlfVQZHLYTPnOnhi20170601050358.8636090', NULL, NULL, '我很喜欢nba', '大家好啊，我是秦成good test ', NULL, NULL, NULL, 1, NULL, NULL, NULL, NULL, NULL, 1, 1, '我很喜欢nba-20170601050358.8636210', NULL, '2017-06-01 05:03:58', '2017-06-01 05:03:58'),
(119, 3, 'AeOId8xU8m1oy033eFAfPVH34y5NZFH620170601050359.9773090', NULL, NULL, '我很喜欢nba', '大家好啊，我是秦成good test ', NULL, NULL, NULL, 1, NULL, NULL, NULL, NULL, NULL, 1, 1, '我很喜欢nba-20170601050359.9773200', NULL, '2017-06-01 05:04:00', '2017-06-01 05:04:00'),
(120, 3, 'hEkJppUVFOIgRsoW7XBVG9p8PHvr2Ul120170601050625.8036740', NULL, NULL, '我很喜欢nba', '大家好啊，我是秦成good test ', NULL, NULL, NULL, 1, NULL, NULL, NULL, NULL, NULL, 1, 1, '我很喜欢nba-20170601050625.8036850', NULL, '2017-06-01 05:06:25', '2017-06-01 05:06:25'),
(121, 3, 'mbZMVEi8VGFwRhSoQFh1IusFdND5voFK20170601050639.9156360', NULL, NULL, '我很喜欢nba', '大家好啊，我是秦成good test ', NULL, NULL, NULL, 1, NULL, NULL, NULL, NULL, NULL, 1, 1, '我很喜欢nba-20170601050639.9156540', NULL, '2017-06-01 05:06:39', '2017-06-01 05:06:39'),
(122, 3, 'IQ5PvizlalmGed4AJE1vzbcv90wzL4iI20170601050640.9992320', NULL, NULL, '我很喜欢nba', '大家好啊，我是秦成good test ', NULL, NULL, NULL, 1, NULL, NULL, NULL, NULL, NULL, 1, 1, '我很喜欢nba-20170601050640.9992420', NULL, '2017-06-01 05:06:41', '2017-06-01 05:06:41'),
(123, 3, '9L5lhXCyJFiDYQjmIiFgAm4lnxkUxgsv20170601051204.9200420', NULL, NULL, '我很喜欢nba', '大家好啊，我是秦成good test ', NULL, NULL, NULL, 1, NULL, NULL, NULL, NULL, NULL, 1, 1, '我很喜欢nba-20170601051204.9200530', NULL, '2017-06-01 05:12:04', '2017-06-01 05:12:04'),
(124, 3, 'klm3uqMqAiuSPmZInpXLgX0eeXVAFZKz20170601051206.3485060', NULL, NULL, '我很喜欢nba', '大家好啊，我是秦成good test ', NULL, NULL, NULL, 1, NULL, NULL, NULL, NULL, NULL, 1, 1, '我很喜欢nba-20170601051206.3485190', NULL, '2017-06-01 05:12:06', '2017-06-01 05:12:06'),
(125, 3, 'MSvdVJzAdOZ6kiEYPDEBdC7OxWjnU5Xo20170601051211.6971660', NULL, NULL, '我很喜欢nba', '大家好啊，我是秦成good test ', NULL, NULL, NULL, 1, NULL, NULL, NULL, NULL, NULL, 1, 1, '我很喜欢nba-20170601051211.6971770', NULL, '2017-06-01 05:12:11', '2017-06-01 05:12:11'),
(126, 1, 'HtTIylZDhkj5qPpbwitEpenwa2VC2FaU20170812163745.4059160', NULL, NULL, '我很喜欢nba', '大家好啊，我是秦成good test ', NULL, NULL, NULL, 1, NULL, NULL, NULL, NULL, NULL, 1, 1, '我很喜欢nba-20170812163745.4059270', NULL, '2017-08-12 16:37:45', '2017-08-12 16:37:45'),
(127, 1, 'AZ9JquOmazPQwJVMRbtPPp1cBRzJIe0220170812163750.4431560', NULL, NULL, '我很喜欢nba', '大家好啊，我是秦成good test ', NULL, NULL, NULL, 1, NULL, NULL, NULL, NULL, NULL, 1, 1, '我很喜欢nba-20170812163750.4431700', NULL, '2017-08-12 16:37:50', '2017-08-12 16:37:50'),
(128, 1, '1yKPtpweiC5V8EaCXJvJ2rsI1ktK77uB20170812163754.0115890', NULL, NULL, '我很喜欢nba', '大家好啊，我是秦成good test ', NULL, NULL, NULL, 1, NULL, NULL, NULL, NULL, NULL, 1, 1, '我很喜欢nba-20170812163754.0116050', NULL, '2017-08-12 16:37:54', '2017-08-12 16:37:54'),
(129, 1, 'aKkPlWiTKoIbonLBnubuwSLxGKs0498L20170812163809.8651830', NULL, NULL, '我很喜欢nba', '大家好啊，我是秦成good test ', NULL, NULL, NULL, 1, NULL, NULL, NULL, NULL, NULL, 1, 1, '我很喜欢nba-20170812163809.8651990', NULL, '2017-08-12 16:38:09', '2017-08-12 16:38:09');

-- --------------------------------------------------------

--
-- 表的结构 `mtoken`
--

CREATE TABLE `mtoken` (
  `id` int(255) NOT NULL,
  `token` varchar(255) COLLATE utf8_unicode_ci NOT NULL,
  `token_type` int(2) NOT NULL,
  `user_id` int(255) NOT NULL,
  `token_expired_time` datetime NOT NULL,
  `created` datetime NOT NULL,
  `updated` datetime NOT NULL
) ENGINE=InnoDB DEFAULT CHARSET=utf8 COLLATE=utf8_unicode_ci;

-- --------------------------------------------------------

--
-- 表的结构 `murl`
--

CREATE TABLE `murl` (
  `id` int(255) NOT NULL,
  `internal_id` varchar(255) COLLATE utf8_unicode_ci NOT NULL,
  `domain` varchar(50) COLLATE utf8_unicode_ci NOT NULL,
  `url` tinytext COLLATE utf8_unicode_ci NOT NULL,
  `is_deleted` tinyint(1) NOT NULL,
  `is_defaut` tinyint(1) NOT NULL,
  `is_normal` tinyint(1) NOT NULL,
  `score` int(3) NOT NULL,
  `is_zh` tinyint(1) NOT NULL,
  `is_en` tinyint(1) NOT NULL,
  `is_fr` tinyint(1) NOT NULL,
  `category_id` int(3) NOT NULL,
  `first_read` datetime DEFAULT NULL,
  `last_read` datetime DEFAULT NULL,
  `created` datetime NOT NULL,
  `updated` datetime NOT NULL
) ENGINE=InnoDB DEFAULT CHARSET=utf8 COLLATE=utf8_unicode_ci;

-- --------------------------------------------------------

--
-- 表的结构 `muser`
--

CREATE TABLE `muser` (
  `id` int(11) NOT NULL,
  `username` varchar(255) COLLATE utf8_unicode_ci NOT NULL,
  `email` varchar(255) COLLATE utf8_unicode_ci DEFAULT NULL,
  `telephone` varchar(20) COLLATE utf8_unicode_ci NOT NULL,
  `nickname` varchar(255) COLLATE utf8_unicode_ci DEFAULT NULL,
  `wechat` varchar(255) COLLATE utf8_unicode_ci DEFAULT NULL,
  `facebook` varchar(255) COLLATE utf8_unicode_ci DEFAULT NULL,
  `instagram` varchar(255) COLLATE utf8_unicode_ci DEFAULT NULL,
  `website` varchar(255) COLLATE utf8_unicode_ci DEFAULT NULL,
  `timezone` varchar(60) COLLATE utf8_unicode_ci DEFAULT NULL,
  `country` varchar(20) COLLATE utf8_unicode_ci DEFAULT NULL,
  `city` varchar(20) COLLATE utf8_unicode_ci DEFAULT NULL,
  `post_number` int(11) DEFAULT NULL,
  `country_id` int(11) DEFAULT NULL,
  `location_id` int(11) DEFAULT NULL,
  `skin_color` varchar(15) COLLATE utf8_unicode_ci DEFAULT NULL,
  `weight` int(11) DEFAULT NULL,
  `height` int(11) DEFAULT NULL,
  `birthday` date DEFAULT NULL,
  `hour_price` int(11) DEFAULT NULL,
  `hour_price_unit` varchar(10) COLLATE utf8_unicode_ci DEFAULT NULL,
  `night_price` int(11) DEFAULT NULL,
  `night_price_unit` varchar(10) COLLATE utf8_unicode_ci DEFAULT NULL,
  `shop_address` varchar(255) COLLATE utf8_unicode_ci DEFAULT NULL,
  `shop_name` varchar(255) COLLATE utf8_unicode_ci DEFAULT NULL,
  `description` text COLLATE utf8_unicode_ci,
  `translated_description` text COLLATE utf8_unicode_ci,
  `is_active` tinyint(1) NOT NULL DEFAULT '1',
  `is_deleted` tinyint(1) NOT NULL DEFAULT '0',
  `is_premium` tinyint(1) NOT NULL DEFAULT '0',
  `is_single` tinyint(1) NOT NULL DEFAULT '1',
  `is_shop` tinyint(1) NOT NULL DEFAULT '0',
  `is_zh` tinyint(1) DEFAULT NULL,
  `is_en` tinyint(1) DEFAULT NULL,
  `is_fr` tinyint(1) DEFAULT NULL,
  `is_admin` tinyint(1) NOT NULL DEFAULT '0',
  `is_test` tinyint(1) DEFAULT '0',
  `is_synchronized_by_cache` tinyint(1) DEFAULT NULL,
  `is_synchronized_by_search` tinyint(1) DEFAULT NULL,
  `is_from_other_web` tinyint(1) DEFAULT NULL,
  `other_web` varchar(255) COLLATE utf8_unicode_ci DEFAULT NULL,
  `other_web_reference` varchar(255) COLLATE utf8_unicode_ci DEFAULT NULL,
  `draft_id` int(11) DEFAULT NULL,
  `view_number` int(11) DEFAULT NULL,
  `slug` varchar(255) COLLATE utf8_unicode_ci NOT NULL,
  `token` varchar(255) COLLATE utf8_unicode_ci NOT NULL,
  `internal_token` varchar(255) COLLATE utf8_unicode_ci NOT NULL,
  `external_token` varchar(255) COLLATE utf8_unicode_ci NOT NULL,
  `internal_id` varchar(255) COLLATE utf8_unicode_ci NOT NULL,
  `top_time` datetime DEFAULT NULL,
  `last_synchronized_from_other_web_time` datetime DEFAULT NULL,
  `payment_expired_time` datetime DEFAULT NULL,
  `allowed_ip` tinyblob,
  `created` datetime NOT NULL,
  `updated` datetime NOT NULL
) ENGINE=InnoDB DEFAULT CHARSET=utf8 COLLATE=utf8_unicode_ci;

--
-- 转存表中的数据 `muser`
--

INSERT INTO `muser` (`id`, `username`, `email`, `telephone`, `nickname`, `wechat`, `facebook`, `instagram`, `website`, `timezone`, `country`, `city`, `post_number`, `country_id`, `location_id`, `skin_color`, `weight`, `height`, `birthday`, `hour_price`, `hour_price_unit`, `night_price`, `night_price_unit`, `shop_address`, `shop_name`, `description`, `translated_description`, `is_active`, `is_deleted`, `is_premium`, `is_single`, `is_shop`, `is_zh`, `is_en`, `is_fr`, `is_admin`, `is_test`, `is_synchronized_by_cache`, `is_synchronized_by_search`, `is_from_other_web`, `other_web`, `other_web_reference`, `draft_id`, `view_number`, `slug`, `token`, `internal_token`, `external_token`, `internal_id`, `top_time`, `last_synchronized_from_other_web_time`, `payment_expired_time`, `allowed_ip`, `created`, `updated`) VALUES
(1, 'qincheng', NULL, '0689807067', '大鸡巴', NULL, NULL, NULL, NULL, NULL, NULL, NULL, NULL, 3, NULL, NULL, NULL, NULL, '1999-01-01', NULL, NULL, NULL, NULL, NULL, NULL, NULL, NULL, 1, 0, 1, 1, 1, 1, 1, 1, 1, 1, 1, 1, 1, NULL, NULL, NULL, NULL, 'qincheng-20170331005405.7205000', 'LnXGdn2QPBJrdGZ9P5p7zOFTckPCiqKP20170331005405.7205500', 'b7BEhLIkP68aVv0PuKJXbKKRJjD08FSR20170420120006.1186390', 'muPSw8B1szhA5X8olQA96vTPrrAHq3KO20170331005405.7206080', '7zEXwK2miu6edb0YPh2ZMHmnO455U5YY20170331005405.7206360', '2017-08-12 16:36:00', '2017-01-01 00:00:00', '2017-01-01 00:00:00', NULL, '2017-03-31 00:54:00', '2017-08-14 23:49:24'),
(2, 'qincheng444', NULL, '46647476467', NULL, NULL, NULL, NULL, NULL, NULL, NULL, NULL, NULL, 4, NULL, NULL, NULL, NULL, '1970-01-01', NULL, NULL, NULL, NULL, NULL, NULL, NULL, NULL, 1, 1, 1, 1, 1, 1, 1, 1, 1, 1, 1, 1, 1, NULL, NULL, NULL, NULL, 'qincheng444-20170401001651.3366150', 'aOgeARCqRSC3AE8ifUkRg1LegIkOuEKg20170401001651.3366730', 'tgRjZ6PtooOMg1k2lSvyoXguRnE8nsLT20170401001651.3367110', 'fLkpr0YooBmSYe5wURLqFyLMi839hfqS20170401001651.3367480', 'yoAFtq7c4HuS7zQma9x9gQ0KfCrFwoM120170401001651.3367840', '2017-02-07 05:05:00', '2017-04-06 03:03:00', '2017-03-02 01:01:00', NULL, '2017-04-01 00:16:00', '2017-07-01 18:31:54'),
(3, 'qincheng78', 'lybislybis@hotmail.com', '0652717888', '我是小王', 'cofanz', 'facebook/qinhahadd', 'instagram/qincheng11', NULL, NULL, 'france', 'paris', NULL, 1, 3, '', NULL, NULL, '1987-09-08', 78, 'euro', NULL, NULL, '5 boulevard massena, 75013', NULL, '我是一只小青蛙dd', NULL, 1, 0, 0, 1, 0, 1, 0, 0, 0, 0, 1, 1, 0, NULL, NULL, NULL, NULL, 'qincheng78-20170401002036.5827590', 'NyE2829BZkHxWRUqtdwDAiL6JTgtVBex20170401002036.5828160', 'WqYjR0M90hNVN15DV28mqBFSDNeXANJ920170401002036.5828540', 'S42MczjU6AauFiNk0A4qOwNBeCI3SufG20170401002036.5828910', 'AYxqEXws7joKlmJwPE4kKkMZHXGgl3vw20170401002036.5829270', '2017-08-12 16:25:21', NULL, NULL, NULL, '2017-04-01 00:20:00', '2017-09-09 01:01:26'),
(4, 'qinchengYYY', NULL, '89898989', NULL, NULL, NULL, NULL, NULL, NULL, NULL, NULL, NULL, NULL, NULL, NULL, NULL, NULL, NULL, NULL, NULL, NULL, NULL, NULL, NULL, NULL, NULL, 1, 0, 0, 1, 0, NULL, NULL, NULL, 0, NULL, NULL, NULL, NULL, NULL, NULL, NULL, NULL, 'qinchengYYY-20170401011414.3734680', 'tmSr16oo1cJXKVu9FvzI3TUbJxh0BRoq20170401011414.3735190', 'tyfygKv85Zyu5e7Y4zZUZojoYYhWhni420170401011414.3735490', 'TfQriBYsh9IfmCcudduFAnq8CdCDc7ko20170401011414.3735760', 'FKkJDKSBfFF1cCRUflz38Vnzxz9Wkoqf20170401011414.3736030', NULL, NULL, NULL, NULL, '2017-04-01 01:14:14', '2017-04-01 01:14:14'),
(5, 'qinchengYYYsfsfs', 'hahaha@sina.com', '57570009077', 'hahaha一个孤独的人_799797AAA 嘿嘿 AAA', 'hahaha5657887', 'facebook.fr/hfiqhofhq.cin', 'instagram.com/qudhuiq.fqfqf', 'qfqfq.com/hfuhqiufh', NULL, 'France', 'paris', 75013, NULL, NULL, 'yellow', 67, 177, NULL, 80, 'E', 300, 'E', NULL, NULL, 'Resource id #624', 'Resource id #626', 1, 0, 0, 1, 0, 0, 0, 0, 0, 0, 1, 1, 0, 'xineurope', '58787', NULL, 56788, 'qinchengYYYsfsfs-20170401012432.9512130', 'eb49aIcv9sQwZ6XcbdVVOPwrMl07Ktk420170401012432.9512610', 'vIVDI7awvbfjzhdANV0FNNcA6sk1syyV20170401012432.9513040', 'RPAydT1qTlRigzjL15uilUO54ILGjdHG20170401012432.9513340', 'ivZGKDHmvBsz1y5Df8SQ6fT1aULgCcBl20170401012432.9513740', '2017-06-06 07:15:00', '2016-05-05 05:05:00', '2018-07-07 07:07:00', NULL, '2017-04-01 01:24:32', '2017-06-19 00:14:53'),
(6, 'dfztzrzrz', NULL, '6467467', NULL, NULL, NULL, NULL, NULL, NULL, NULL, NULL, NULL, NULL, NULL, NULL, NULL, NULL, NULL, NULL, NULL, NULL, NULL, NULL, NULL, NULL, NULL, 1, 0, 0, 1, 0, 1, NULL, NULL, 0, NULL, NULL, NULL, NULL, NULL, NULL, NULL, NULL, 'dfztzrzrz-20170401012549.9367980', 'FbB8ThyfiyGiN2uSIEe4TJebUL1xGPnP20170401012549.9368470', '6doxRmpASw6sNTFmavDUq7nNK9dgpbYN20170401012549.9368760', 'dr9BwxH7pALofWsZ1f6R9JB8OMlDSIFd20170401012549.9369190', 'qSWmmtD7ZlW2WTwv2PQPNJvBsZrgrZMV20170401012549.9369520', NULL, NULL, NULL, NULL, '2017-04-01 01:25:49', '2017-04-01 01:25:49'),
(7, 'sgsggdgd', NULL, 'qda878HIhih', NULL, NULL, NULL, NULL, NULL, NULL, NULL, NULL, NULL, NULL, NULL, NULL, NULL, NULL, NULL, NULL, NULL, NULL, NULL, NULL, NULL, NULL, NULL, 1, 0, 0, 1, 0, 1, NULL, NULL, 0, NULL, NULL, NULL, NULL, NULL, NULL, NULL, NULL, 'sgsggdgd-20170401014401.8980160', 'WFvymOh9iVBlKNPMsKq5AGBZ6Q9oVdhD20170401014401.8980650', 'w6lbnBoTvP8d3yBdRA6frTccwnpzjZ2N20170401014401.8980940', 'sxhPwpLrCgavZJR0Q0z3V65Nyo45L7W320170401014401.8981250', '9ZGVFA82hrjncjgtMxObbylOeHigarrc20170401014401.8981510', NULL, NULL, NULL, NULL, '2017-04-01 01:44:01', '2017-04-01 01:44:01'),
(8, 'sgsggdgdera', NULL, '787878-k', NULL, NULL, NULL, NULL, NULL, NULL, NULL, NULL, NULL, NULL, NULL, NULL, NULL, NULL, NULL, NULL, NULL, NULL, NULL, NULL, NULL, NULL, NULL, 1, 0, 0, 1, 0, 1, NULL, NULL, 0, NULL, NULL, NULL, NULL, NULL, NULL, NULL, NULL, 'sgsggdgdera-20170401014512.5327990', 'xtZJ3MNmdyytlw7PXdCb0JMuq7xSDuJd20170401014512.5328500', '0KuDqtlJOZIvb6yGEK9CZ5FKJb88NCxY20170401014512.5328800', 'ms9V857sToU1lO1k3I8pNepK658wvtdX20170401014512.5329120', 'ih83VRdXrNpm9uU2uaER4k7V0rmsXqO520170401014512.5329410', NULL, NULL, NULL, NULL, '2017-04-01 01:45:12', '2017-04-01 01:45:12'),
(9, 'sgsggdgderaqdq', NULL, 'cqd898qdqdq', NULL, NULL, NULL, NULL, NULL, NULL, NULL, NULL, NULL, NULL, NULL, NULL, NULL, NULL, NULL, NULL, NULL, NULL, NULL, NULL, NULL, NULL, NULL, 1, 0, 0, 1, 0, 1, NULL, NULL, 0, NULL, NULL, NULL, NULL, NULL, NULL, NULL, NULL, 'sgsggdgderaqdq-20170401014541.7761240', '97ZR7ZxKAsSeK5BmE4le1Uwar4gsdNwC20170401014541.7761720', 'Kjl2skKWKRV34F2P3jVDW1OhICMTQMfw20170401014541.7762020', 'l20wORSypN6qIEBYNThYooPRgzrDoa5C20170401014541.7762320', 'JeUWU5tkV6Yzrd7XyDo8TmsHNUHN2JmZ20170401014541.7762580', NULL, NULL, NULL, NULL, '2017-04-01 01:45:41', '2017-04-01 01:45:41'),
(10, 'sfsgsgsg', NULL, '686686767 ', NULL, NULL, NULL, NULL, NULL, NULL, NULL, NULL, NULL, NULL, NULL, NULL, NULL, NULL, NULL, NULL, NULL, NULL, NULL, NULL, NULL, NULL, NULL, 1, 0, 0, 1, 0, 1, NULL, NULL, 0, NULL, NULL, NULL, NULL, NULL, NULL, NULL, NULL, 'sfsgsgsg-20170401015039.1950040', 'jmjldmPCaM6af5sRRZAEQgQhNwhSwuze20170401015039.1950500', 'Bm0VFJPnYMgcMHF1YmrnrDuYcACiwQ7Z20170401015039.1950790', 'qManEsVEudIX2zZujnh4kWQfAPrdFZKU20170401015039.1951050', 'nvsMMSR5l6PEgEO84vlrsr7HGr6XPL9920170401015039.1951320', NULL, NULL, NULL, NULL, '2017-04-01 01:50:39', '2017-04-01 01:50:39'),
(11, 'sfsgsgsgqsdq', NULL, '68668ddddddd', NULL, NULL, NULL, NULL, NULL, NULL, NULL, NULL, NULL, NULL, NULL, NULL, NULL, NULL, NULL, NULL, NULL, NULL, NULL, NULL, NULL, NULL, NULL, 1, 0, 0, 1, 0, 1, NULL, NULL, 0, NULL, NULL, NULL, NULL, NULL, NULL, NULL, NULL, 'sfsgsgsgqsdq-20170401015104.0527380', 'dh5w688g8zKyLU7GrldhKwfQdO50l3v320170401015104.0527880', 'GtCkQogkttmZTRZMQjL2izCUjQ9bZ9Dq20170401015104.0528180', '6LkIZabnbzW0W9WnaXa8hoQiVza48JUh20170401015104.0528480', 'esjfpRcQgdYB5bbb9Jkm1oNU41ftbS1U20170401015104.0528740', NULL, NULL, NULL, NULL, '2017-04-01 01:51:04', '2017-04-01 01:51:04'),
(12, 'sfsgsdfgdhd', NULL, '686690909', NULL, NULL, NULL, NULL, NULL, NULL, NULL, NULL, NULL, NULL, NULL, NULL, NULL, NULL, NULL, NULL, NULL, NULL, NULL, NULL, NULL, NULL, NULL, 1, 0, 0, 1, 0, NULL, NULL, NULL, 0, NULL, NULL, NULL, NULL, NULL, NULL, NULL, NULL, 'sfsgsdfgdhd-20170401015301.3186660', '4aFbDZJcKT4qSqYBpJZA1VCyzQdTnsHY20170401015301.3187180', 'EIkGqMr912RwJMiPxzB8eUJ1qZgl7FQ320170401015301.3187490', 'wiH6dgmYAunMt0qaWi74tnmsMkANXXGA20170401015301.3187800', 'uYQaYRhszIp7GzDo7US0iFSXNyyC0Tnh20170401015301.3188110', NULL, NULL, NULL, NULL, '2017-04-01 01:53:01', '2017-04-01 01:53:01'),
(13, 'sfsgsdfgdhdqs', NULL, '6866901111', NULL, NULL, NULL, NULL, NULL, NULL, NULL, NULL, NULL, NULL, NULL, NULL, NULL, NULL, NULL, NULL, NULL, NULL, NULL, NULL, NULL, NULL, NULL, 1, 0, 0, 1, 0, NULL, NULL, NULL, 0, NULL, NULL, NULL, NULL, NULL, NULL, NULL, NULL, 'sfsgsdfgdhdqs-20170401015315.1970420', 'FUp5fhoCY9fGBiSCpAsFiKWLrBIS8Lz620170401015315.1970950', 'xryBe83ml2F1rfLq1wVh8dKx0ozRcWOR20170401015315.1971280', 'unYG3ZnG69ZjqIMOLrlLDwSyWYkeOlnj20170401015315.1971590', 'YE7DFhgXs4MabSVHRKCLWizJIJxaTu7w20170401015315.1971910', NULL, NULL, NULL, NULL, '2017-04-01 01:53:15', '2017-04-01 01:53:15'),
(14, 'dgdgd', NULL, '68667676445', NULL, NULL, NULL, NULL, NULL, NULL, NULL, NULL, NULL, NULL, NULL, NULL, NULL, NULL, NULL, NULL, NULL, NULL, NULL, NULL, NULL, NULL, NULL, 1, 0, 0, 1, 0, NULL, NULL, NULL, 0, NULL, NULL, NULL, NULL, NULL, NULL, NULL, NULL, 'dgdgd-20170401020222.4725750', 'qfzNz0OzUFPC7JQXbcNCysS7ihmRq7OR20170401020222.4726350', 'hONEJuByk9a3qtgyOZGgjtNhiUUzA1aV20170401020222.4726690', 'kJfIel55bNk3dHPUrqgWcGPNye4cYJ5f20170401020222.4727010', '7gZ4fz1ylCCqWuTj7BcC3hX6tCeP5lia20170401020222.4727360', NULL, NULL, NULL, NULL, '2017-04-01 02:02:22', '2017-04-01 02:02:22'),
(15, 'dgdgdqdq', NULL, '686676764', NULL, NULL, NULL, NULL, NULL, NULL, NULL, NULL, NULL, NULL, NULL, NULL, NULL, NULL, NULL, NULL, NULL, NULL, NULL, NULL, NULL, NULL, NULL, 1, 0, 0, 1, 0, NULL, NULL, NULL, 0, NULL, NULL, NULL, NULL, NULL, NULL, NULL, NULL, 'dgdgdqdq-20170401020340.2029950', 'ld0udXuhhNQQmldgIwtlIEc1SG6hMEoA20170401020340.2030480', 'sVZOy0lh3LZeenQmGhZs1JQgtTNGQgwT20170401020340.2030790', 'KWivuJexlVSHJdTULLt5i4cj2QLB4vOE20170401020340.2031080', 'yqVLCMTSUrhJ2giMA6bwr5m2JRJOzbqm20170401020340.2031370', NULL, NULL, NULL, NULL, '2017-04-01 02:03:40', '2017-04-01 02:03:40'),
(16, 'dgdgdqdqsdf', NULL, '6866767648989', NULL, NULL, NULL, NULL, NULL, NULL, NULL, NULL, NULL, NULL, NULL, NULL, NULL, NULL, NULL, NULL, NULL, NULL, NULL, NULL, NULL, NULL, NULL, 1, 0, 0, 1, 0, NULL, NULL, NULL, 0, NULL, NULL, NULL, NULL, NULL, NULL, NULL, NULL, 'dgdgdqdqsdf-20170401020429.5675100', 'obSfBKBPYNdQXNY0IvISGInUucxrG2Fo20170401020429.5676040', 'BsY5zt7Hv9HcNGWgEjV0pRd5phD9G0d020170401020429.5676630', 'PIsTAfHMaeO37MX8ss7mzZMxTcIUlyjS20170401020429.5677170', 'D33v34CJKsIs6cYkKdROcIz7c8zvp0oK20170401020429.5677760', NULL, NULL, NULL, NULL, '2017-04-01 02:04:29', '2017-04-01 02:04:29'),
(17, 'fhfhfhfhf', NULL, '787676678687', NULL, NULL, NULL, NULL, NULL, NULL, NULL, NULL, NULL, NULL, NULL, NULL, NULL, NULL, NULL, NULL, NULL, NULL, NULL, NULL, NULL, NULL, NULL, 1, 0, 0, 1, 0, NULL, NULL, NULL, 0, 0, NULL, NULL, NULL, NULL, NULL, NULL, NULL, 'fhfhfhfhf-20170401155327.9537600', 'i6uPRTYpNgCfZdS5Gecx5yQJf3V8XOyD20170401155327.9538080', 'ccQuN9UtnikKQ300B1Gnxzy0QGSrx4AR20170401155327.9538380', '0MCW6wUL9XWpGEj4ob0tQ7RV5yTKyFbW20170401155327.9538660', '9y3lfkVZlo8VVaWQ0QH2QnoQaZsWlIf520170401155327.9538920', NULL, NULL, NULL, NULL, '2017-04-01 15:53:27', '2017-04-01 15:53:27'),
(18, 'fhfhfhfhfzz', 'sfsqdq@qfqf.com', '565675876979', NULL, NULL, NULL, NULL, NULL, NULL, NULL, NULL, NULL, NULL, NULL, NULL, NULL, NULL, NULL, NULL, NULL, NULL, NULL, NULL, NULL, NULL, NULL, 1, 0, 0, 1, 0, NULL, NULL, NULL, 0, 0, NULL, NULL, NULL, NULL, NULL, NULL, NULL, 'fhfhfhfhfzz-20170401155600.7005310', 'RD70J5IAIXDiFKku22tALCwvPTxgFaAK20170401155600.7005770', '53mvmelIj4ZKcsNAYhD0KGYU78gfxwgI20170401155600.7006070', 'L1XexzGF4A893hu11CqNnoq2OVQ6cwwL20170401155600.7006350', 'pEKiYFXXaaStgp5UQApF851ht8mwalhQ20170401155600.7006630', NULL, NULL, NULL, NULL, '2017-04-01 15:56:00', '2017-04-01 15:56:00'),
(19, 'sdfs_sfsf90', 'sfsqdq@qfqf.co', '68784465', NULL, NULL, NULL, NULL, NULL, NULL, NULL, NULL, NULL, NULL, NULL, NULL, NULL, NULL, NULL, NULL, NULL, NULL, NULL, NULL, NULL, NULL, NULL, 1, 0, 0, 1, 0, NULL, NULL, NULL, 0, 0, NULL, NULL, NULL, NULL, NULL, NULL, NULL, 'sdfs_sfsf90-20170401155746.9686070', 'E5wzVtCj3U9LAhwEDzx0S5Cb2G7kxPs320170401155746.9686520', 'JmxepJgwRmKihOUCH0OKQ75p5lfc6v3420170401155746.9686810', 'DxG3mJtAWwFAnQ5pPWlmnmGVpM7VlTHe20170401155746.9687080', 'AgS0uHH6ThAdS7732ghJyjIEakep16dy20170401155746.9687360', NULL, NULL, NULL, NULL, '2017-04-01 15:57:46', '2017-04-01 15:57:46'),
(20, 'sfsfsfs', 'sfsqdq@qfqf.coff', '68784465777', NULL, NULL, NULL, NULL, NULL, NULL, NULL, NULL, NULL, NULL, NULL, NULL, NULL, NULL, NULL, NULL, NULL, NULL, NULL, NULL, NULL, NULL, NULL, 1, 0, 0, 1, 0, NULL, NULL, NULL, 0, 0, NULL, NULL, NULL, NULL, NULL, NULL, NULL, 'sfsfsfs-20170401161210.3018400', '7NN2yvEBWeKkwv5txRgd0i1zzDeDyQ3J20170401161210.3019370', '2NDsPXq7No4rXaGw45rlCoXrQ19vlMuV20170401161210.3019890', 'CUPFgel06R3770YtvuJF2bQdIKrSOsbw20170401161210.3020180', 'hFwNakZAgHbsdGoNk5DYrBpT13qCrCbi20170401161210.3020450', NULL, NULL, NULL, NULL, '2017-04-01 16:12:10', '2017-04-01 16:12:10'),
(21, 'sfsfsfsdsf', 'sfsqdq@qfqf.coffdd', '68784465775', NULL, NULL, NULL, NULL, NULL, NULL, NULL, NULL, NULL, NULL, NULL, NULL, NULL, NULL, NULL, NULL, NULL, NULL, NULL, NULL, NULL, NULL, NULL, 1, 0, 0, 1, 0, NULL, NULL, NULL, 0, 0, NULL, NULL, NULL, NULL, NULL, NULL, NULL, 'sfsfsfsdsf-20170401164742.6052140', 'abwF79Z1rWv3lEqd5J87tEuMYhWE84ay20170401164742.6052590', 'jJ5tfjbFyOAkpzL4uWzsTwUibyF9gFlA20170401164742.6052880', 'QfTad4ySXubbFc7LkbSv4NvkzVjI7jex20170401164742.6053170', 'EFCjVYQaTteYjreMDWJ1YCjwLyUimbsl20170401164742.6053450', NULL, NULL, NULL, NULL, '2017-04-01 16:47:42', '2017-04-01 16:47:42'),
(22, 'sfsfsfsdsff', 'sfsqdq@qfqf.coffdddd', '565875769', NULL, NULL, NULL, NULL, NULL, NULL, NULL, NULL, NULL, NULL, NULL, NULL, NULL, NULL, NULL, NULL, NULL, NULL, NULL, NULL, NULL, NULL, NULL, 1, 0, 0, 1, 0, NULL, NULL, NULL, 0, 0, NULL, NULL, NULL, NULL, NULL, NULL, NULL, 'sfsfsfsdsff-20170401165141.4725280', 'pKBDr0LhxY5iVSYXITvZykVpTwz52MFD20170401165141.4725730', 'sVKNoiJssNfIIy3xp0XN7p3xO5DG3CtQ20170401165141.4726030', 's1CgbcmjC2Tv5C07rdaP142ieiX4bbZg20170401165141.4726310', '9aR8TGUu4fOIznvYgv000Wo0SWm2a5K420170401165141.4726590', NULL, NULL, NULL, NULL, '2017-04-01 16:51:41', '2017-04-01 16:51:41'),
(23, 'fjfjfjf', 'qdqd@qfq.com', '463345456567', NULL, NULL, NULL, NULL, NULL, NULL, NULL, NULL, NULL, 3, NULL, NULL, NULL, NULL, NULL, NULL, NULL, NULL, NULL, NULL, NULL, NULL, NULL, 1, 1, 1, 1, 1, 1, 1, 1, 1, 1, 1, 1, 1, NULL, NULL, NULL, NULL, 'fjfjfjf-20170401165629.7321490', 'aCRMcE7QpxtPN54g6Wih7bR5rsZdBNX720170401165629.7322010', 'fL0Ms51j6RU0F9xUh7kA31U16wGRPO8A20170401165629.7322350', 'Yo0mkFyvHev4LV7fsclz52ah0Ye5e17n20170401165629.7322670', 'Pd6zmFvBxQLNBHyK4Cu6QSnGggxq96u520170401165629.7322980', NULL, NULL, NULL, NULL, '2017-04-01 16:56:00', '2017-06-22 03:20:18'),
(24, 'qin', 'bryant.qin@gmail.com', '0626413030', '哈哈哈', 'cofanz', 'http://facebook.com/qin.cheng', 'instagram/qincheng', NULL, NULL, NULL, NULL, NULL, NULL, NULL, NULL, NULL, NULL, NULL, 100, 'euro', NULL, NULL, NULL, NULL, NULL, NULL, 1, 0, 0, 1, 0, NULL, NULL, NULL, 0, 0, NULL, NULL, NULL, NULL, NULL, NULL, NULL, 'qin-20170402165929.7076820', 'ze8YN4VqnHozuf7bP68J716Dp3KynqWD20170404230340.2536840', 'Lp5LL22QbwwwpjGHjbuwZ8p0nS4xcEPa20170404230340.2537350', 'xgXyt2hpJB9j1rRaik4PZTaW1pgJvPQu20170404230340.2537800', 'oY2zYQ5RduI249InkCayvC6z9bsuE4lA20170402165929.7078160', NULL, NULL, NULL, NULL, '2017-04-02 16:59:29', '2017-04-02 16:59:29'),
(25, 'qin1', 'bryant.qin@gmail.com1', '0626413031', NULL, NULL, NULL, NULL, NULL, NULL, NULL, NULL, NULL, NULL, NULL, NULL, NULL, NULL, NULL, NULL, NULL, NULL, NULL, NULL, NULL, NULL, NULL, 1, 0, 0, 1, 0, NULL, NULL, NULL, 0, 0, NULL, NULL, NULL, NULL, NULL, NULL, NULL, 'qin1-20170404223323.9211360', 'OiJsmBEC8nCEcJ09Jm0N2UAW4mI544cN20170404223323.9212400', 'H2iDxSCdqcTAdzh8RJB5xdX2ovjThzT420170404223323.9212990', 'e1uKHwkRCzHzeA73Bh26eofSq48QFM0P20170404223323.9213570', 'TX6xW4erZx8kDpT2F8XE8WS8p0ImAFTy20170404223323.9214140', NULL, NULL, NULL, NULL, '2017-04-04 22:33:24', '2017-04-04 22:33:24'),
(26, 'qin2', 'bryant.qin@gmail.com2', '0626413032', NULL, NULL, NULL, NULL, NULL, NULL, NULL, NULL, NULL, NULL, NULL, NULL, NULL, NULL, NULL, NULL, NULL, NULL, NULL, NULL, NULL, NULL, NULL, 1, 0, 0, 1, 0, NULL, NULL, NULL, 0, 0, NULL, NULL, NULL, NULL, NULL, NULL, NULL, 'qin2-20170404223404.7381600', 'ytnYT3u3xhiIgyZ3FpDuc36gRVHvZBJM20170404223404.7382370', 'GkwcWochApeLkSPLDmgNylxbjTO9tL8z20170404223404.7382950', 'mUM0obaipwnrYjPfBah2I8zxSNyhod4X20170404223404.7383510', 'KQFcEUvRS2UDqIsSmksEZG1nHRYEcqKp20170404223404.7384310', NULL, NULL, NULL, NULL, '2017-04-04 22:34:04', '2017-04-04 22:34:04'),
(27, 'qin3', 'bryant.qin@gmail.com3', '0626413033', NULL, NULL, NULL, NULL, NULL, NULL, NULL, NULL, NULL, NULL, NULL, NULL, NULL, NULL, NULL, NULL, NULL, NULL, NULL, NULL, NULL, NULL, NULL, 1, 0, 0, 1, 0, NULL, NULL, NULL, 0, 0, NULL, NULL, NULL, NULL, NULL, NULL, NULL, 'qin3-20170404223617.5093540', 'dMyb1oNEKZsWbCZmb9RaTutiIlUdclSj20170404223617.5094020', 'TMmDWTo3sUD2XYqGsTHjvEmxEhbNs4T520170404223617.5094350', '5E8y0fxIJmtDtiyevchZGuvV2KbiY2KH20170404223617.5094670', '2GI3mnIWiC5ZX8LmOJ3qmILN8pxDfzfa20170404223617.5094980', NULL, NULL, NULL, NULL, '2017-04-04 22:36:17', '2017-04-04 22:36:17'),
(28, 'qincheng2', NULL, '0689807061', NULL, NULL, NULL, NULL, NULL, NULL, NULL, NULL, NULL, NULL, NULL, NULL, NULL, NULL, NULL, NULL, NULL, NULL, NULL, NULL, NULL, NULL, NULL, 1, 0, 0, 1, 0, NULL, NULL, NULL, 0, 0, NULL, NULL, NULL, NULL, NULL, NULL, NULL, 'qincheng2-20170428194037.8322060', 'HMyvlBHEc5IXOEZ38WeimLjYC3CyGNH820170428194037.8322640', 'lKkziQs8sKtFMD3kpEOdrfuLGgxzph1d20170428194037.8323020', '4stE5gBjP9vK3bcogPg1XXMShSKG9VPb20170428194037.8323380', '4Vac4Aw5CPoSxCn990wBOOPQyPOXdGkQ20170428194037.8323740', NULL, NULL, NULL, NULL, '2017-04-28 19:40:38', '2017-04-28 19:40:38'),
(29, 'qincheng3', NULL, '068980999', '国旗国旗nbahaha', 'cofanzhaha', 'facebook.com/qincheng', 'instagram/qincheng', NULL, NULL, NULL, NULL, NULL, NULL, NULL, NULL, NULL, NULL, NULL, 60, 'euro', NULL, NULL, NULL, NULL, NULL, NULL, 1, 0, 0, 1, 0, NULL, NULL, NULL, 0, 0, 1, NULL, NULL, NULL, NULL, NULL, NULL, 'qincheng3-20170429150523.0762880', 'zerXJu9fZDF7IJuDahxhhmmQlXVH3Zq820170429150523.0763410', 'hygUjMmb82rxsq8nQPdJLKXj9brLLfUh20170429150523.0763750', '9oJgkwRJ0s9WkI8UCYHJ5PpOzSzDHmG920170429150523.0764070', 'AWK5LkC4vn5G68CWQv7KHeprrfsmADFK20170429150523.0764390', NULL, NULL, NULL, NULL, '2017-04-29 15:05:23', '2017-04-30 08:52:23'),
(30, 'laji', NULL, '068980555', NULL, NULL, NULL, NULL, NULL, NULL, NULL, NULL, NULL, NULL, NULL, NULL, NULL, NULL, NULL, NULL, NULL, NULL, NULL, NULL, NULL, NULL, NULL, 1, 0, 0, 1, 0, NULL, NULL, NULL, 0, 0, NULL, NULL, NULL, NULL, NULL, NULL, NULL, 'laji-20170429165055.6327530', 'v7xEauH1bZlrkwkH3fu8e14IGXLGv6ZH20170429165055.6328150', 'co6AgiSE1EaJbXNxW8KpXaFC153yuzbZ20170429165055.6328570', 'Y9UgcHiooksPlSwBXJp2T77x4m3tV0vm20170429165055.6328970', 'pqeDHVwPmL4hJAluSRA3j3LDN7SFItjI20170429165055.6329350', NULL, NULL, NULL, NULL, '2017-04-29 16:50:55', '2017-04-29 16:50:55'),
(31, 'laji2', NULL, '068980556', NULL, NULL, NULL, NULL, NULL, NULL, NULL, NULL, NULL, NULL, NULL, NULL, NULL, NULL, NULL, NULL, NULL, NULL, NULL, NULL, NULL, NULL, NULL, 1, 0, 0, 1, 0, NULL, NULL, NULL, 0, 0, NULL, NULL, NULL, NULL, NULL, NULL, NULL, 'laji2-20170429191800.3744370', 'niw7OwyUT1AODiMbCZKyuTIinl2IA8mc20170429191800.3744830', '2B2c9HItNe7GgTxMgkK2N9elVbANaHoY20170429191800.3745130', 'mbSJvgwjEIzTf9vxUV9SEn155FCyAH5F20170429191800.3745410', 'Z2UhHXir3Q0ZSRw9EnKUWn8r1CYRwJTN20170429191800.3745710', NULL, NULL, NULL, NULL, '2017-04-29 19:18:00', '2017-04-29 19:18:00'),
(32, 'laji3', NULL, '068980667', NULL, NULL, NULL, NULL, NULL, NULL, NULL, NULL, NULL, NULL, NULL, NULL, NULL, NULL, NULL, NULL, NULL, NULL, NULL, NULL, NULL, NULL, NULL, 1, 0, 0, 1, 0, NULL, NULL, NULL, 0, 0, 1, NULL, NULL, NULL, NULL, NULL, NULL, 'laji3-20170429222123.5912510', 'k7X4IkMg8WRGE4Sww5QMTdkPTrxthQn020170429222123.5912970', '0gvjHpPVffDnP2UACSOeYD4n99ANKVbD20170429222123.5913270', 'iA60HhWIKzjuUTyt6s7k6dfxcr9P6Ux920170429222123.5913560', '1ByzSn1WdZN6gMiNr9tT07tWLKtC1iRn20170429222123.5913840', NULL, NULL, NULL, NULL, '2017-04-29 22:21:23', '2017-04-29 22:21:23'),
(33, 'laji4', NULL, '068980660', NULL, NULL, NULL, NULL, NULL, NULL, NULL, NULL, NULL, NULL, NULL, NULL, NULL, NULL, NULL, NULL, NULL, NULL, NULL, NULL, NULL, NULL, NULL, 1, 0, 0, 1, 0, NULL, NULL, NULL, 0, 0, 1, NULL, NULL, NULL, NULL, NULL, NULL, 'laji4-20170429222304.4147620', '6BuzvpD6O9M1OEu4DRl5dFKA3TblZ79w20170429222304.4148070', 'TCtR84kUWjT96AYN3GDKn2I85FZqbIVC20170429222304.4148370', 'sL1vR3ZMBCgtSrRO0V736EBV5lM7I02s20170429222304.4148670', 'fAu6ymxDpAhZsOyJuiRZoI52JuSkIcBc20170429222304.4148940', NULL, NULL, NULL, NULL, '2017-04-29 22:23:04', '2017-04-29 22:23:04'),
(34, 'laji5', NULL, '6767676767', NULL, NULL, NULL, NULL, NULL, NULL, NULL, NULL, NULL, NULL, NULL, NULL, NULL, NULL, NULL, NULL, NULL, NULL, NULL, NULL, NULL, NULL, NULL, 1, 0, 0, 1, 0, NULL, NULL, NULL, 0, 0, 1, NULL, NULL, NULL, NULL, NULL, NULL, 'laji5-20170430085255.5800780', 'JLdP3j8Jzl7MunF1I5s0J5u6QjYntcF920170430085255.5801790', 'szNY2kGoFXUmtgVvNyhMWr8WiAVDO0nc20170430085255.5802200', 'GrMyuq5O7IKgvLOIH84Oy8lgIO40Qvgc20170430085255.5802590', 'xcqCJADVBXeL8YRqezMMp9qlryTw1Rn320170430085255.5802970', NULL, NULL, NULL, NULL, '2017-04-30 08:52:55', '2017-04-30 08:52:55'),
(35, '哈欠哈欠哈欠nba', NULL, '6767676700', NULL, NULL, NULL, NULL, NULL, NULL, NULL, NULL, NULL, NULL, NULL, NULL, NULL, NULL, NULL, NULL, NULL, NULL, NULL, NULL, NULL, NULL, NULL, 1, 0, 0, 1, 0, NULL, NULL, NULL, 0, 0, 1, NULL, NULL, NULL, NULL, NULL, NULL, '哈欠哈欠哈欠nba-20170430085341.1760440', 'wRO2meqTBvB1fy9ZYz1IA3mGZlQl5qGF20170430085341.1760900', 'Ho41a3eZFWI43vJ3RYY0PEV7JOCGwUoq20170430085341.1761220', 'Jtov2ShKadFQMNv5sHiRM0h2uXrjysxn20170430085341.1761510', 'jCgxZImFVUAgYCV9yjE1InVYsov69VJc20170430085341.1761790', NULL, NULL, NULL, NULL, '2017-04-30 08:53:41', '2017-04-30 08:53:41'),
(36, 'elasticuser', NULL, '6767676666', NULL, NULL, NULL, NULL, NULL, NULL, NULL, NULL, NULL, NULL, NULL, NULL, NULL, NULL, NULL, NULL, NULL, NULL, NULL, NULL, NULL, NULL, NULL, 1, 0, 0, 1, 0, NULL, NULL, NULL, 0, 0, 0, NULL, NULL, NULL, NULL, NULL, NULL, 'elasticuser-20170502183956.7356280', 'C6uQBTkwzBp7iTUg2QrpGXfQTnQCIynw20170502183956.7357140', 'kKMwrIPalCXNFAzuH98OjZXHXYwijF5820170502183956.7357740', 'eQEp6i13HZASvV7yJ4zfjQj7Dx2p8dXn20170502183956.7358320', '3y7Sd0zeCKnWmIG21FHpZKvc5J3ABeWM20170502183956.7358910', NULL, NULL, NULL, NULL, '2017-05-02 18:39:57', '2017-05-02 18:39:57'),
(37, 'elasticuser2', NULL, '6767678888', NULL, NULL, NULL, NULL, NULL, NULL, NULL, NULL, NULL, NULL, NULL, NULL, NULL, NULL, NULL, NULL, NULL, NULL, NULL, NULL, NULL, NULL, NULL, 1, 0, 0, 1, 0, NULL, NULL, NULL, 0, 0, 0, NULL, NULL, NULL, NULL, NULL, NULL, 'elasticuser2-20170502185005.0658520', 'DwC7o6hNcxUrlunsTmmctKlgi7o5vmZt20170502185005.0659430', 'E4zpQTv5SqK7FShCVDv7kdHTD2WccIEf20170502185005.0660140', 'LAkESnLacBdwJt3GetaslbOF6HIGKFdc20170502185005.0660740', 'aEUtRqnpeFpk3Rgq2ynJJ5Wo3ucItKGp20170502185005.0661360', NULL, NULL, NULL, NULL, '2017-05-02 18:50:05', '2017-05-02 18:50:05'),
(38, 'greatuser', 'qinqin@gmail.com', '6767678899', NULL, NULL, NULL, NULL, NULL, NULL, NULL, NULL, NULL, NULL, NULL, NULL, NULL, NULL, NULL, NULL, NULL, NULL, NULL, NULL, NULL, NULL, NULL, 1, 0, 0, 1, 0, NULL, NULL, NULL, 0, 0, 0, NULL, NULL, NULL, NULL, NULL, NULL, 'greatuser-20170503063812.5656980', 'D6omUb1LDvREuDqXkVCWDbOjJuWEwDMl20170503063812.5657420', '6XakfZbx0LqPkWmvB0eu1vxPJcFBEb0420170503063812.5657720', 'vIDwshjFwGLD3yD3KSFJfaO94bASsmcg20170503063812.5658010', 'G2cjhQ0DuuA9AoBZvRCOc9Pzal2NMyb320170503063812.5658310', NULL, NULL, NULL, NULL, '2017-05-03 06:38:12', '2017-05-03 06:38:12'),
(39, 'nba', 'nba@gmail.com', '6767678076', NULL, NULL, NULL, NULL, NULL, NULL, NULL, NULL, NULL, NULL, NULL, NULL, NULL, NULL, NULL, NULL, NULL, NULL, NULL, NULL, NULL, NULL, NULL, 1, 0, 0, 1, 0, NULL, NULL, NULL, 0, 0, 0, NULL, NULL, NULL, NULL, NULL, NULL, 'nba-20170503063827.6476050', 'jTHnUtGdi02Fg2G5K7ztKMJzM2PpkbCV20170503063827.6476770', 'Lwld68CVYf0LQmFRhvqadQT2qlUcLber20170503063827.6477190', '46zHwhrskI5FqgeClq5R9A4BXgbpAaiz20170503063827.6477650', 'rpM2eKEH3V402O0quegWSle6GEybqNU920170503063827.6478060', NULL, NULL, NULL, NULL, '2017-05-03 06:38:27', '2017-05-03 06:38:27'),
(40, '我爱北京天安门', 'woaibeijing@gmail.com', '6767656783', '国旗国旗nbahaha', 'cofanzhaha', 'facebook.com/qincheng', 'instagram/qincheng', NULL, NULL, NULL, NULL, NULL, NULL, NULL, NULL, NULL, NULL, NULL, 79, 'euro', NULL, NULL, NULL, NULL, NULL, NULL, 1, 0, 0, 1, 0, NULL, NULL, NULL, 0, 0, 0, NULL, NULL, NULL, NULL, NULL, NULL, '我爱北京天安门-20170503063913.4946050', 'L2hv8McqvGPkQsn8T3daUIhP9iJoSOku20170503063913.4946630', 'zAVGCIkUhAecdgZHHy0mBiCt1breWbCG20170503063913.4947610', 'C1rhwtYOK3MrNTXBhpC9ST9FicKPsk8e20170503063913.4948430', 'x00VaCfBrTdEwSmjJCuSgQCVKnfNHrnT20170503063913.4948900', NULL, NULL, NULL, NULL, '2017-05-03 06:39:13', '2017-05-03 06:43:42'),
(41, 'anya', 'anya@gmail.com', '6767656780', NULL, NULL, NULL, NULL, NULL, NULL, NULL, NULL, NULL, NULL, NULL, NULL, NULL, NULL, NULL, NULL, NULL, NULL, NULL, NULL, NULL, NULL, NULL, 1, 0, 0, 1, 0, NULL, NULL, NULL, 0, 0, 1, NULL, NULL, NULL, NULL, NULL, NULL, 'anya-20170503194606.4776280', '20xnolIclQ8K20rUmI5xHMN7b3cpL0cP20170503194606.4777130', 'SfVePHc52xHFIZoMckvAI0tnBpiJKuO020170503194606.4777720', 'FK6ItwQL0rhyCGcR48tOTq6KpsSFD43Q20170503194606.4778270', 'DyzDFoeTIkFlo3FXG9NWH6L78wWCSUdg20170503194606.4778810', NULL, NULL, NULL, NULL, '2017-05-03 19:46:06', '2017-05-03 19:46:06'),
(42, 'anya2', 'anya2@gmail.com', '676765566', NULL, NULL, NULL, NULL, NULL, NULL, NULL, NULL, NULL, NULL, NULL, NULL, NULL, NULL, NULL, NULL, NULL, NULL, NULL, NULL, NULL, NULL, NULL, 1, 0, 0, 1, 0, NULL, NULL, NULL, 0, 0, 1, NULL, NULL, NULL, NULL, NULL, NULL, 'anya2-20170504195001.8498350', '9Ikkg35Dj8sl295k88SqDUVhCjCSvEsR20170504195001.8498870', 'ktiO2XMq1kOPDaWTSuCFsCI0joXOwdhM20170504195001.8499200', 'Da7PlElfHq3uySwX63Yx18mVhK0LdMNN20170504195001.8499530', 'RPSO6DQ6CxsosHwsXjpzDEjMwaKWuRAC20170504195001.8499840', NULL, NULL, NULL, NULL, '2017-05-04 19:50:02', '2017-05-04 19:50:02'),
(43, 'anya3', 'anya3@gmail.com', '676799900', NULL, NULL, NULL, NULL, NULL, NULL, NULL, NULL, NULL, NULL, NULL, NULL, NULL, NULL, NULL, NULL, NULL, NULL, NULL, NULL, NULL, NULL, NULL, 1, 0, 0, 1, 0, NULL, NULL, NULL, 0, 0, 1, NULL, NULL, NULL, NULL, NULL, NULL, 'anya3-20170504195500.5510220', 'nOHtXOdxglVE3I0vDzyjHdqpGrvPuleg20170504195500.5510730', 'kB1g0UMOtDPylO3n7vdk5nzC7Q1ZNnob20170504195500.5511090', 'xqgRrV4j1nTGfPrfbBUXMkEbZ68tmHPc20170504195500.5511420', 'KLsL8JA83OZGFlKeivad1OiirLegAt1H20170504195500.5511750', NULL, NULL, NULL, NULL, '2017-05-04 19:55:00', '2017-05-04 19:55:00'),
(44, 'anya4', 'anya4@gmail.com', '78789686969', NULL, NULL, NULL, NULL, NULL, NULL, NULL, NULL, NULL, NULL, NULL, NULL, NULL, NULL, NULL, NULL, NULL, NULL, NULL, NULL, NULL, NULL, NULL, 1, 0, 0, 1, 0, NULL, NULL, NULL, 0, 0, 1, NULL, NULL, NULL, NULL, NULL, NULL, 'anya4-20170504212350.0555760', 'Pq15IIb918bL93eNUeLZqGgQp4Hegx0U20170504212350.0556650', 'PiiL75uHoRj5ECfTIAYsxI4KmR6v3Cgu20170504212350.0557130', 'vehajjoORg4kyIrhYDMzD5lkLLiOmTuW20170504212350.0557530', 'PbgEEmNe7Ka0eQ7PtN0jCnIiU6K2lMlJ20170504212350.0557920', NULL, NULL, NULL, NULL, '2017-05-04 21:23:50', '2017-05-04 21:23:50'),
(45, 'anya5', 'anya5@gmail.com', '696967697896', NULL, NULL, NULL, NULL, NULL, NULL, NULL, NULL, NULL, NULL, NULL, NULL, NULL, NULL, NULL, NULL, NULL, NULL, NULL, NULL, NULL, NULL, NULL, 1, 0, 0, 1, 0, NULL, NULL, NULL, 0, 0, 1, NULL, NULL, NULL, NULL, NULL, NULL, 'anya5-20170504212533.5619310', 'unYvV70Vzckri5ifiIa4xKWKkHQX4vtR20170504212533.5619900', 'PYjygSKO4HjYyVOkeXgR1Ug2bWRb6ckC20170504212533.5620310', 'X5SDM0Kh1E4ysyzh3FExTez7FRnb83Oy20170504212533.5620700', '2FnlPdMBqQwGYtpyqvVSwbmvJ6HqUohy20170504212533.5621070', NULL, NULL, NULL, NULL, '2017-05-04 21:25:33', '2017-05-04 21:25:33'),
(46, 'anya6', 'anya6@gmail.com', '696967697899', NULL, NULL, NULL, NULL, NULL, NULL, NULL, NULL, NULL, NULL, NULL, NULL, NULL, NULL, NULL, NULL, NULL, NULL, NULL, NULL, NULL, NULL, NULL, 1, 0, 0, 1, 0, NULL, NULL, NULL, 0, 0, 1, NULL, NULL, NULL, NULL, NULL, NULL, 'anya6-20170504212724.9081450', 'o1JQNeLy5PIY5QavMHzLhKypccsFWvss20170504212724.9081950', 'TOvEzAJ6Vuxk6maFtZ7HetS8W9qM306e20170504212724.9082250', 'r8Q923DaYXtL6D3KBVc4pymSX2kR3o7y20170504212724.9082540', 'Ub5BgfIlnYwh8z6WCQUSstyLXCYKzOdS20170504212724.9082820', NULL, NULL, NULL, NULL, '2017-05-04 21:27:25', '2017-05-04 21:27:25'),
(47, 'anya7', 'anya7@gmail.com', '69696745454', NULL, NULL, NULL, NULL, NULL, NULL, NULL, NULL, NULL, NULL, NULL, NULL, NULL, NULL, NULL, NULL, NULL, NULL, NULL, NULL, NULL, NULL, NULL, 1, 0, 0, 1, 0, NULL, NULL, NULL, 0, 0, 1, NULL, NULL, NULL, NULL, NULL, NULL, 'anya7-20170504212848.0491120', 'KqgMN0AL2ZU9dP1UjnmgSyhyMaGwNJL220170504212848.0491970', 'WWB5m4rrCTCzsi0Npgz1UPdBiccqnIjj20170504212848.0492840', '0VYZ8KcsWimAkB95JwKLNVkko2tpZ1br20170504212848.0493250', 'MlMlfONa0j3v9TVOMt0YA63rnsr7Mc4b20170504212848.0493590', NULL, NULL, NULL, NULL, '2017-05-04 21:28:48', '2017-05-04 21:28:48'),
(48, 'anya8', 'anya8@gmail.com', '89676786', '我是秦', 'cofanzhahakk', 'facebook.com/qincheng', 'instagram/qincheng', NULL, NULL, 'france', 'paris', 75013, NULL, NULL, NULL, NULL, NULL, NULL, 55, 'euro', NULL, NULL, NULL, NULL, NULL, NULL, 1, 0, 0, 1, 0, NULL, NULL, NULL, 0, 0, 0, NULL, NULL, NULL, NULL, NULL, NULL, 'anya8-20170504213012.5762330', '04PzJiwalkvVXYDsvLMZw9xUnKQt0IGV20170504213012.5762780', 'Jambs4VuexdoSSiiBKx90CViVgkgBn0c20170504213012.5763090', '7DPXfZqD9aazwLaTD8KAUD3VSWHrf2VC20170504213012.5763630', 'KMGxjTx5aKVeVXG62YdCoPMujNlSPGU920170504213012.5764020', NULL, NULL, NULL, NULL, '2017-05-04 21:30:12', '2017-05-05 00:43:59'),
(49, 'anya9', 'anya9@gmail.com', '8967635365', NULL, NULL, NULL, NULL, NULL, NULL, NULL, NULL, NULL, NULL, NULL, NULL, NULL, NULL, NULL, NULL, NULL, NULL, NULL, NULL, NULL, NULL, NULL, 1, 0, 0, 1, 0, NULL, NULL, NULL, 0, 0, 1, NULL, NULL, NULL, NULL, NULL, NULL, 'anya9-20170504214609.6610920', 'aYu9ZtCG9wSCtxNFfdo2LbIWJhzYteS820170504214609.6611550', 'ZqEWDHCN0XLjySGciNrixgokoIbWWP9n20170504214609.6611980', 'R1sYxphGFDePDkLs6mbj9dOySJKJpnJK20170504214609.6612410', 'vDf3TLQjvRDMpgbMbeeO9WY0Tj7m7fn220170504214609.6612820', NULL, NULL, NULL, NULL, '2017-05-04 21:46:10', '2017-05-04 21:46:10'),
(50, 'anya10', 'anya10@gmail.com', '5587644548', NULL, NULL, NULL, NULL, NULL, NULL, NULL, NULL, NULL, NULL, NULL, NULL, NULL, NULL, NULL, NULL, NULL, NULL, NULL, NULL, NULL, NULL, NULL, 1, 0, 0, 1, 0, NULL, NULL, NULL, 0, 0, 1, NULL, NULL, NULL, NULL, NULL, NULL, 'anya10-20170504225153.5520680', '06HfPMraoehzWBStq3FnvPXhWi0XvcLD20170504225153.5521260', 'ldT29gtcehn55Iy1z6kckcaWW4dbVxsW20170504225153.5521760', 'CdUURfqn0LLoX6wTZfMy7TxOBHlxpyI320170504225153.5522730', 'KItaoH4s1Mf9etIcgwFL7m9Z1AlOpLtz20170504225153.5523230', NULL, NULL, NULL, NULL, '2017-05-04 22:51:53', '2017-05-04 22:51:53'),
(51, 'anya11', 'anya11@gmail.com', '3636875769', NULL, NULL, NULL, NULL, NULL, NULL, NULL, NULL, NULL, NULL, NULL, NULL, NULL, NULL, NULL, NULL, NULL, NULL, NULL, NULL, NULL, NULL, NULL, 1, 0, 0, 1, 0, NULL, NULL, NULL, 0, 0, 1, NULL, NULL, NULL, NULL, NULL, NULL, 'anya11-20170504231227.4116460', 'jRKQVGVOwLcXmUsUJFc3mEfvWj6oN1HU20170504231227.4116970', 'ZTGuUFBdBpGmx3ZFKEIb158EWqmihMeI20170504231227.4117300', 'F7880R3Yh4vcb0RmzVvJIIe0y8bkk3do20170504231227.4117630', '4B4EX1Kk7z1cQFoQsEGA230R9PcTM5LH20170504231227.4117960', NULL, NULL, NULL, NULL, '2017-05-04 23:12:27', '2017-05-04 23:12:27'),
(52, 'anya12', 'anya12@gmail.com', '7546746776', NULL, NULL, NULL, NULL, NULL, NULL, NULL, NULL, NULL, NULL, NULL, NULL, NULL, NULL, NULL, NULL, NULL, NULL, NULL, NULL, NULL, NULL, NULL, 1, 0, 0, 1, 0, NULL, NULL, NULL, 0, 0, 1, NULL, NULL, NULL, NULL, NULL, NULL, 'anya12-20170504231608.5542120', 'bGkqoD7qGjAyJJeoOvCqkS0HphrBRLJH20170504231608.5542670', 'Bn4cdUNCeJS36sVDEKxwE05nQTZoWYfi20170504231608.5543020', 'l5eKegw4Sm6shZpTkLnYTXEfiOgHRYcP20170504231608.5543340', 'lmb0Y2Hlq0AEDu2KcuUQyIb6JpZhIQZO20170504231608.5543660', NULL, NULL, NULL, NULL, '2017-05-04 23:16:08', '2017-05-04 23:16:08'),
(53, 'anya13', 'anya13@gmail.com', '4587796768', NULL, NULL, NULL, NULL, NULL, NULL, NULL, NULL, NULL, NULL, NULL, NULL, NULL, NULL, NULL, NULL, NULL, NULL, NULL, NULL, NULL, NULL, NULL, 1, 0, 0, 1, 0, NULL, NULL, NULL, 0, 0, 1, NULL, NULL, NULL, NULL, NULL, NULL, 'anya13-20170504232257.6382390', 'bvLCRAcWuAo2Vs38puPOesBvDtySyWlv20170504232257.6382940', 'zJjObmANSGWhGCUeBoXzJRXabpA5uL5z20170504232257.6383300', 'AwMxnekwwYU8Tf1SqDjDN86d1qvmxrA420170504232257.6383630', 'SR8XNBkccGe3zfzrSi0IoKUJUIljyp2520170504232257.6383950', NULL, NULL, NULL, NULL, '2017-05-04 23:22:58', '2017-05-04 23:22:58'),
(54, 'anya14', 'anya14@gmail.com', '34376587', NULL, NULL, NULL, NULL, NULL, NULL, NULL, NULL, NULL, NULL, NULL, NULL, NULL, NULL, NULL, NULL, NULL, NULL, NULL, NULL, NULL, NULL, NULL, 1, 0, 0, 1, 0, NULL, NULL, NULL, 0, 0, 1, NULL, NULL, NULL, NULL, NULL, NULL, 'anya14-20170504232405.4373880', 'oA1JaK8rzkxNMEjHbL4AiAUeDTX1N9c420170504232405.4374520', 'I0aPcyxypTsg2gyPvc6mzGIQmLaCsg2D20170504232405.4374890', 'WfhyHrNmUhiaiuZeYGIhcGhN29v0HIwU20170504232405.4375210', 'yCIkwwb58hT3XsooJSGLSnKJdxm7jk3Q20170504232405.4375630', NULL, NULL, NULL, NULL, '2017-05-04 23:24:05', '2017-05-04 23:24:05'),
(55, 'anya15', 'anya15@gmail.com', '458878768', NULL, NULL, NULL, NULL, NULL, NULL, NULL, NULL, NULL, NULL, NULL, NULL, NULL, NULL, NULL, NULL, NULL, NULL, NULL, NULL, NULL, NULL, NULL, 1, 0, 0, 1, 0, NULL, NULL, NULL, 0, 0, 1, NULL, NULL, NULL, NULL, NULL, NULL, 'anya15-20170504233025.0993870', 'YwQJXpzhbnNUhX2k6QbXInPUPnFcW5BN20170504233025.0994390', 'aBwnDVgZfsgeFi6x7j0J6Vu9oW35iXQH20170504233025.0994710', 'mzipZrGgrgG7zFLpeoVsjlXeW8GSh5WC20170504233025.0995010', 'd4eSwkIv8T9UxCFdX28PjxDAWwpB9Ldh20170504233025.0995310', NULL, NULL, NULL, NULL, '2017-05-04 23:30:25', '2017-05-04 23:30:25'),
(56, 'anya16', 'anya16@gmail.com', '458870000', NULL, NULL, NULL, NULL, NULL, NULL, NULL, NULL, NULL, NULL, NULL, NULL, NULL, NULL, NULL, NULL, NULL, NULL, NULL, NULL, NULL, NULL, NULL, 1, 0, 0, 1, 0, NULL, NULL, NULL, 0, 0, 1, NULL, NULL, NULL, NULL, NULL, NULL, 'anya16-20170504234754.0397780', 'AEFzzC1MyCEJTtyQbgYNa7rceTKtYBST20170504234754.0398240', 'ILfefIWiTC1a8mohXsHYJX0FEVF1QNkI20170504234754.0398530', 'lFQxho9o7krmRdawZOYsI5DDTIowUqKH20170504234754.0398810', 'Ibd8Wr521GkOXz3GNM6pW2hJ01xfNJ7Q20170504234754.0399100', NULL, NULL, NULL, NULL, '2017-05-04 23:47:54', '2017-05-04 23:47:54'),
(57, 'anya17', 'anya17@gmail.com', '68789789', NULL, NULL, NULL, NULL, NULL, NULL, NULL, NULL, NULL, NULL, NULL, NULL, NULL, NULL, NULL, NULL, NULL, NULL, NULL, NULL, NULL, NULL, NULL, 1, 0, 0, 1, 0, NULL, NULL, NULL, 0, 0, 1, NULL, NULL, NULL, NULL, NULL, NULL, 'anya17-20170505003423.3263700', 'UuEgngl1eJBDfMmEOSrgjUmSq3MQblY420170505003423.3264190', 'A4anjA3ok9gf79IYO5x5vHaUYpbPLwIN20170505003423.3264500', 'wFNMHtuWb27ykUMlcX2stC5L1S2iWU2F20170505003423.3264780', 'jLXZjuV72WFga8u0qv5yRjTEEoherN5O20170505003423.3265060', NULL, NULL, NULL, NULL, '2017-05-05 00:34:23', '2017-05-05 00:34:23'),
(58, 'anya18', 'anya18@gmail.com', '68786687', NULL, NULL, NULL, NULL, NULL, NULL, NULL, NULL, NULL, NULL, NULL, NULL, NULL, NULL, NULL, NULL, NULL, NULL, NULL, NULL, NULL, NULL, NULL, 1, 0, 0, 1, 0, NULL, NULL, NULL, 0, 0, 1, NULL, NULL, NULL, NULL, NULL, NULL, 'anya18-20170505003949.6909910', 'tbqyBl7AWHudtxJIVgtZsRyj4URoTcDh20170505003949.6910800', 'tRjBU7kwus08CDFBiayir8wi2DHxKWhk20170505003949.6911460', 'XEblK4LS6yQpwDSePUs7F0HgCD0LuRz020170505003949.6912070', 'Q7BYL4iRjYW4GrWXNRTnzSpopCBgvW7K20170505003949.6912730', NULL, NULL, NULL, NULL, '2017-05-05 00:39:49', '2017-05-05 00:39:49'),
(59, 'anya19', 'anya19@gmail.com', '5876969898', '我是秦', 'cofanzhahakk', 'facebook.com/qincheng', 'instagram/qincheng', NULL, NULL, 'france', 'paris', 75013, NULL, NULL, NULL, NULL, NULL, NULL, 55, 'euro', NULL, NULL, NULL, NULL, NULL, NULL, 1, 0, 0, 1, 0, NULL, NULL, NULL, 0, 0, 0, NULL, NULL, NULL, NULL, NULL, NULL, 'anya19-20170505004533.4016450', '2HSdOpZoydLXKkkDcOGMyV6NXC7n0nyo20170505004533.4017100', 'q73n2U2aSo37y209nEK0mgavb2O7od8820170505004533.4017410', 'arbxycimQI79bGiuUUYz50k3LivxJNfS20170505004533.4017690', '4L4TDZc6S0TnyIhgFe5PHAQXTIN3YBaH20170505004533.4017980', NULL, NULL, NULL, NULL, '2017-05-05 00:45:33', '2017-05-05 00:47:06'),
(60, 'anya20', 'anya20@gmail.com', '78789675576', '我是秦成', 'cofanz', 'facebook.com/qincheng', 'instagram/qincheng', NULL, NULL, 'france', '巴黎', 75014, NULL, NULL, NULL, NULL, NULL, NULL, NULL, '', NULL, NULL, NULL, NULL, NULL, NULL, 1, 0, 0, 1, 0, NULL, NULL, NULL, 0, 0, 0, NULL, NULL, NULL, NULL, NULL, NULL, 'anya20-20170505004955.1606420', 'hvAw01CNTIRVHGsxzNi2OvI7oHoP71iW20170505004955.1606930', 'XD6SPWzr3dZymjxJiAtdjPcfpBFQvQdC20170505004955.1607230', 'idRb0qGf9AfA5TUe5PxERJE3Vd0te1EU20170505004955.1607530', 'jtHip5I2rKGT7PwMBLYyAJsB51FvYkYp20170505004955.1607820', NULL, NULL, NULL, NULL, '2017-05-05 00:49:55', '2017-05-05 01:23:04'),
(61, 'anya21', 'anya21@gmail.com', '4486969869', NULL, NULL, NULL, NULL, NULL, NULL, NULL, NULL, NULL, NULL, NULL, NULL, NULL, NULL, NULL, NULL, NULL, NULL, NULL, NULL, NULL, NULL, NULL, 1, 0, 0, 1, 0, NULL, NULL, NULL, 0, 0, 1, NULL, NULL, NULL, NULL, NULL, NULL, 'anya21-20170505012514.6011420', 'kjw8GTArS4xc0vC1p7kNylX0KQVgzX5E20170505012514.6012060', 'Itd1XwELCusUpp2nlebHeyUCFrTiuvdL20170505012514.6012370', 'czSYf5igMeQhXUTr9id1706dsPTYiJme20170505012514.6012650', 'aHiiLvRlzPLBKsPCOuGl0Y7UHXlp501720170505012514.6012940', NULL, NULL, NULL, NULL, '2017-05-05 01:25:15', '2017-05-05 01:25:15'),
(62, 'anya22', 'anya22@gmail.com', '4685875897', NULL, NULL, NULL, NULL, NULL, NULL, NULL, NULL, NULL, NULL, NULL, NULL, NULL, NULL, NULL, NULL, NULL, NULL, NULL, NULL, NULL, NULL, NULL, 1, 0, 0, 1, 0, NULL, NULL, NULL, 0, 0, 1, NULL, NULL, NULL, NULL, NULL, NULL, 'anya22-20170505012817.3135200', '0jOLl4r24TjcIy23XGgg1rdS8PuNHth420170505012817.3135680', '2lNxCqBx8FMqv7bOqOYExHTuriFp1cva20170505012817.3135970', '072AnVHJRTyDysGkiruA3kxdxOJsiYet20170505012817.3136250', 'hf2Bdns0tFRO6E7j2f5JgyorSqMVA8vw20170505012817.3136530', NULL, NULL, NULL, NULL, '2017-05-05 01:28:17', '2017-05-05 01:28:17'),
(63, 'anya23', 'anya23@gmail.com', '78789789789', NULL, NULL, NULL, NULL, NULL, NULL, NULL, NULL, NULL, NULL, NULL, NULL, NULL, NULL, NULL, NULL, NULL, NULL, NULL, NULL, NULL, NULL, NULL, 1, 0, 0, 1, 0, NULL, NULL, NULL, 0, 0, 1, NULL, NULL, NULL, NULL, NULL, NULL, 'anya23-20170505013654.4021850', 'Gjf7JcLcUeWeH4QGxLehPHKdCc3zJs8u20170505013654.4022380', 'vk8EQg5CeAbkOYkMmZMR5PiDUVkhKBos20170505013654.4022710', 'Zk2yDAcEs0GbcR7oPjnuy7Kd7uI8gghh20170505013654.4023030', '8Fserj4oH6lruoqsfaoVK923ZZaKOo6a20170505013654.4023340', NULL, NULL, NULL, NULL, '2017-05-05 01:36:54', '2017-05-05 01:36:54'),
(64, 'anya24', 'anya24@gmail.com', '6896689222', NULL, NULL, NULL, NULL, NULL, NULL, NULL, NULL, NULL, NULL, NULL, NULL, NULL, NULL, NULL, NULL, NULL, NULL, NULL, NULL, NULL, NULL, NULL, 1, 0, 0, 1, 0, NULL, NULL, NULL, 0, 0, 1, NULL, NULL, NULL, NULL, NULL, NULL, 'anya24-20170505013911.7186490', 'gE9GqU21sSPTxkO0ymyikTM1DZFxqJ2P20170505013911.7187020', 'UDReJekHzH5SKJJdSwV59Ddb4wEXhcai20170505013911.7187360', '6bFE0mZK42gkxinGfgEN0Tzjf9OKLK0p20170505013911.7187680', 'KHvEJE2V23bXYV4C4gKOAxBUP5CE2UGn20170505013911.7188060', NULL, NULL, NULL, NULL, '2017-05-05 01:39:12', '2017-05-05 01:39:12'),
(65, 'anya25', 'anya25@gmail.com', '68587678678798', '我是秦成', 'cofanz', 'facebook.com/qincheng', 'instagram/qincheng', NULL, NULL, '法国', '巴黎', 75013, NULL, NULL, 'yallow', NULL, NULL, '1980-03-26', 89, 'euro', NULL, NULL, NULL, NULL, NULL, NULL, 1, 0, 0, 1, 0, 1, NULL, NULL, 0, 0, 0, NULL, NULL, NULL, NULL, NULL, NULL, 'anya25-20170505014004.0624510', 'h7goSfedRsR0wAISS5CIZTFxQuIe1v8z20170505014004.0625330', 'W7nPBBuSYt3nQuJ1S5t9svjVyF7mvOFN20170505014004.0625990', 'aTSYgeZLZacpWSUWOERVYJZWRy0wD4nJ20170505014004.0626600', 'JiJKeNu2bFAuds8icYs0fcD4lxDy1RFy20170505014004.0627200', NULL, NULL, NULL, NULL, '2017-05-05 01:40:04', '2017-05-08 18:15:50'),
(66, 'anya26', 'anya26@gmail.com', '76789789', NULL, NULL, NULL, NULL, NULL, NULL, NULL, NULL, NULL, NULL, NULL, NULL, NULL, NULL, NULL, NULL, NULL, NULL, NULL, NULL, NULL, NULL, NULL, 1, 0, 0, 1, 0, NULL, NULL, NULL, 0, 0, 1, 1, NULL, NULL, NULL, NULL, NULL, 'anya26-20170604170022.5539750', 'D9qldJv6cw9a3ellFhnCkt5DW9l5eEjL20170604170022.5540310', 'nP6t8stiNshqDJOHxXBk2BdafKbEZgjN20170604170022.5540670', '2cau0FCsBsgGkVAGYn0W5rLdEgQ1znoS20170604170022.5541010', 'AS0kdRblN2vderyQvEwGvO925QF0ugyD20170604170022.5541340', NULL, NULL, NULL, NULL, '2017-06-04 17:00:22', '2017-06-04 17:00:22'),
(67, 'anya27', 'anya27@gmail.com', '685867678', NULL, NULL, NULL, NULL, NULL, NULL, NULL, NULL, NULL, NULL, NULL, NULL, NULL, NULL, '1994-05-06', NULL, NULL, NULL, NULL, NULL, NULL, NULL, NULL, 1, 0, 0, 1, 0, 0, 0, 0, 0, 0, 1, 1, 0, NULL, NULL, NULL, NULL, 'anya27-20170604170154.5014090', '5ueyeS7CX8Ze5Yalzg0wQZiKySTu2bhM20170604170154.5014660', 'BtB5z5QAnXsSZ09mVE0HY8RXbn4T5VkV20170604170154.5015040', 'BkAVEU3iWffnVupKljW1nzsojVPCa0Nz20170604170154.5015380', 'UMexQFFRXVbI2H9hfs7Aub07AMzSKnyl20170604170154.5015710', NULL, NULL, NULL, NULL, '2017-06-04 17:01:00', '2017-07-22 23:51:23'),
(68, 'anya28', 'anya28@gmail.com', '58678678', NULL, NULL, NULL, NULL, NULL, NULL, NULL, NULL, NULL, NULL, NULL, NULL, NULL, NULL, NULL, NULL, NULL, NULL, NULL, NULL, NULL, NULL, NULL, 1, 0, 0, 1, 0, NULL, NULL, NULL, 0, 0, 1, 1, NULL, NULL, NULL, NULL, NULL, 'anya28-20170606131203.8547040', 'tczR3goCMM05rXSDr4qFvaCptxdVMQJM20170606131203.8548110', 'SYQ3FGiQQAuQOUgIktOVdyJPjXCWyyZo20170606131203.8548840', '3l1K4SFsPDNWCOTZWz8PiUs9ZNCrPaKf20170606131203.8549510', 'ZgrQ6P1NxSnalLKng7lkY9HrXbPcgdeS20170606131203.8550170', NULL, NULL, NULL, NULL, '2017-06-06 13:12:04', '2017-06-06 13:12:04'),
(69, 'anya29', '', '3538587587', NULL, NULL, NULL, NULL, NULL, NULL, NULL, NULL, NULL, NULL, NULL, NULL, NULL, NULL, NULL, NULL, NULL, NULL, NULL, NULL, NULL, NULL, NULL, 1, 0, 0, 1, 0, NULL, NULL, NULL, 0, 0, 1, 1, NULL, NULL, NULL, NULL, NULL, 'anya29-20170618235344.3271850', 'RZnid8MKw8PofcEowWMVDEStrWkB5ngv20170618235344.3272500', 'ErMjIU6umOydiAcsMZ4Ks3quTkENfnfa20170618235344.3272950', 'Orj0xHCIpnrpXgBdBropugDuPKYZMKcr20170618235344.3273370', 'WRRWvKQxC6AV4wGGtVqNDIY6q9unHcJd20170618235344.3273790', NULL, NULL, NULL, NULL, '2017-06-18 23:53:44', '2017-06-18 23:53:44'),
(70, 'anya30', '', '48487487478', NULL, NULL, NULL, NULL, NULL, NULL, NULL, NULL, NULL, NULL, NULL, NULL, NULL, NULL, NULL, NULL, NULL, NULL, NULL, NULL, NULL, NULL, NULL, 1, 0, 0, 1, 0, NULL, NULL, NULL, 0, 0, 1, NULL, NULL, NULL, NULL, NULL, NULL, 'anya30-20170722212851.6741390', 'OvYERkFvH8bVTPN0iqNuEvwatAA93Ca520170722212851.6742040', 'F7zo60Y2BrYsBr3ufOlFj4QGUtjtb95y20170722212851.6742550', 'OLqdJGJe2CQbIdvN6UHoOSPBpU0T70EX20170722212851.6743020', 'LEY67CDPNTe9FxJS3xTsQIfqwT5DcFdZ20170722212851.6743490', NULL, NULL, NULL, NULL, '2017-07-22 21:28:52', '2017-07-22 21:28:52'),
(71, 'anya31', NULL, '676786786786', 'sss', 'sss', 'sss', 'sss', 'sss', NULL, NULL, NULL, NULL, 1, 21, 'yallow', NULL, NULL, '1990-11-13', 50, 'E', 300, 'E', NULL, NULL, 'hhh', 'hhhhhhh', 1, 0, 0, 1, 0, 1, 0, 1, 0, 0, 1, 1, 0, NULL, NULL, NULL, NULL, 'anya31', 'jTHlFksGssTLAewy89GiUGkNirX8rpDL', 'xagbwEE23pdvFRbn2s33IDg3NFdSDouq', 'lDrPCrLYfNrw3u1GxHKTXZtRdN3GzvEZ', 'jUyFAPnZChqli3ze5KpUC3CQyflxQGfn', NULL, NULL, NULL, NULL, '2017-07-23 00:02:00', '2017-08-07 02:23:57'),
(72, '我最美', 'lybislybis@hotmail.com', '06527178567', 'sss', 'sss', 'sss', 'sss', 'sss', NULL, 'France', 'PARIS 13', 75013, 1, 21, 'yallow', NULL, NULL, '1999-04-09', NULL, NULL, NULL, NULL, NULL, NULL, '中国篮球运动员。 易建联於2002年选入中国男子篮球职业联赛的广东宏远隊及中国国家籃球青年队，於2004年入选中國國家男子籃球 ...', 'You can pass container parameters into your service by using the ... event: kernel.request, method: onKernelRequest } arguments: [ @router, ...', 1, 0, 0, 1, 0, 1, 1, 0, 0, 0, 1, 1, 0, NULL, NULL, NULL, NULL, '我最美', 'VEmBRm7AZesM4WzMOlsgPB1BAt28i3v120170802010003.4003220', 'upKwPOSzTnldDoWtyU92TdGZuKZJXNrz20170802010003.4003890', 'Qd46jdwlh68PVWGdbsPOIXbG78gtYmwF20170802010003.4004430', 'OoCaj8ncdIydlrnl1f0kaVYz2NoaSdwH20170802010003.4004950', NULL, NULL, NULL, NULL, '2017-08-02 01:11:00', '2017-08-22 23:16:26');

--
-- Indexes for dumped tables
--

--
-- Indexes for table `madmin`
--
ALTER TABLE `madmin`
  ADD PRIMARY KEY (`id`),
  ADD UNIQUE KEY `internal_id` (`internal_id`),
  ADD UNIQUE KEY `admin_email` (`admin_email`),
  ADD UNIQUE KEY `admin_username` (`admin_username`),
  ADD UNIQUE KEY `token` (`token`),
  ADD UNIQUE KEY `slug` (`slug`),
  ADD KEY `admin_password` (`admin_password`),
  ADD KEY `encryption_method` (`encryption_method`),
  ADD KEY `indication` (`indication`),
  ADD KEY `salt` (`salt`);

--
-- Indexes for table `mcategory`
--
ALTER TABLE `mcategory`
  ADD PRIMARY KEY (`id`),
  ADD UNIQUE KEY `category_en` (`category_en`),
  ADD UNIQUE KEY `category_zh` (`category_zh`),
  ADD UNIQUE KEY `category_fr` (`category_fr`),
  ADD UNIQUE KEY `slug` (`slug`),
  ADD UNIQUE KEY `internal_id` (`internal_id`);

--
-- Indexes for table `mcountry`
--
ALTER TABLE `mcountry`
  ADD PRIMARY KEY (`id`),
  ADD UNIQUE KEY `country_zh` (`country_zh`),
  ADD UNIQUE KEY `country_fr` (`country_fr`),
  ADD UNIQUE KEY `country_en` (`country_en`),
  ADD UNIQUE KEY `internal_id` (`internal_id`),
  ADD UNIQUE KEY `slug` (`slug`);

--
-- Indexes for table `mdraft`
--
ALTER TABLE `mdraft`
  ADD PRIMARY KEY (`id`),
  ADD UNIQUE KEY `slug` (`slug`),
  ADD UNIQUE KEY `internal_id` (`internal_id`),
  ADD KEY `other_web` (`other_web`),
  ADD KEY `link` (`link`),
  ADD KEY `link_id` (`link_id`),
  ADD KEY `FK_CA56GGFYFUY8678RS` (`category_id`);

--
-- Indexes for table `mip`
--
ALTER TABLE `mip`
  ADD PRIMARY KEY (`id`),
  ADD UNIQUE KEY `mip_unique_index` (`ip`,`user_id`);

--
-- Indexes for table `mlocation`
--
ALTER TABLE `mlocation`
  ADD PRIMARY KEY (`id`),
  ADD UNIQUE KEY `post_number` (`post_number`),
  ADD UNIQUE KEY `slug` (`slug`),
  ADD UNIQUE KEY `post_number_zh` (`post_number_zh`),
  ADD KEY `country_id` (`country_id`),
  ADD KEY `city_zh` (`city_zh`),
  ADD KEY `city_fr` (`city_fr`),
  ADD KEY `city_en` (`city_en`),
  ADD KEY `internal_id` (`internal_id`);

--
-- Indexes for table `mmessage`
--
ALTER TABLE `mmessage`
  ADD PRIMARY KEY (`id`),
  ADD UNIQUE KEY `internal_id` (`internal_id`),
  ADD KEY `user_id` (`user_id`);

--
-- Indexes for table `mpassword`
--
ALTER TABLE `mpassword`
  ADD PRIMARY KEY (`id`),
  ADD UNIQUE KEY `internal_id` (`internal_id`),
  ADD KEY `user_id` (`user_id`),
  ADD KEY `password` (`password`),
  ADD KEY `salt` (`salt`),
  ADD KEY `encryption_method` (`encryption_method`),
  ADD KEY `indication` (`indication`);

--
-- Indexes for table `mphoto`
--
ALTER TABLE `mphoto`
  ADD PRIMARY KEY (`id`),
  ADD UNIQUE KEY `internal_id` (`internal_id`),
  ADD KEY `photo_type` (`photo_type`),
  ADD KEY `user_id` (`user_id`),
  ADD KEY `post_id` (`post_id`),
  ADD KEY `title` (`title`);

--
-- Indexes for table `mpost`
--
ALTER TABLE `mpost`
  ADD PRIMARY KEY (`id`),
  ADD UNIQUE KEY `internal_id` (`internal_id`),
  ADD UNIQUE KEY `slug` (`slug`),
  ADD KEY `user_id` (`user_id`),
  ADD KEY `title` (`title`),
  ADD KEY `FK_CA565GYFDTYGYG454GUIG` (`category_id`),
  ADD KEY `FK_CA5FYFUYDTRTD5675HUH` (`draft_id`);

--
-- Indexes for table `mtoken`
--
ALTER TABLE `mtoken`
  ADD PRIMARY KEY (`id`),
  ADD UNIQUE KEY `token` (`token`);

--
-- Indexes for table `murl`
--
ALTER TABLE `murl`
  ADD PRIMARY KEY (`id`),
  ADD UNIQUE KEY `internal_id` (`internal_id`),
  ADD KEY `domain` (`domain`),
  ADD KEY `FK_CA565GYFTF456FDT` (`category_id`);

--
-- Indexes for table `muser`
--
ALTER TABLE `muser`
  ADD PRIMARY KEY (`id`),
  ADD UNIQUE KEY `username` (`username`),
  ADD UNIQUE KEY `internal_id` (`internal_id`),
  ADD UNIQUE KEY `token` (`token`),
  ADD UNIQUE KEY `internal_token` (`internal_token`),
  ADD UNIQUE KEY `external_token` (`external_token`),
  ADD UNIQUE KEY `slug` (`slug`),
  ADD UNIQUE KEY `telephone_2` (`telephone`),
  ADD KEY `wechat` (`wechat`),
  ADD KEY `email_2` (`email`),
  ADD KEY `nickname` (`nickname`),
  ADD KEY `FK_DC4EF770A76ED5786876` (`draft_id`),
  ADD KEY `country_id` (`country_id`),
  ADD KEY `location_id` (`location_id`);

--
-- 在导出的表使用AUTO_INCREMENT
--

--
-- 使用表AUTO_INCREMENT `madmin`
--
ALTER TABLE `madmin`
  MODIFY `id` int(11) NOT NULL AUTO_INCREMENT;
--
-- 使用表AUTO_INCREMENT `mcategory`
--
ALTER TABLE `mcategory`
  MODIFY `id` int(3) NOT NULL AUTO_INCREMENT, AUTO_INCREMENT=5;
--
-- 使用表AUTO_INCREMENT `mcountry`
--
ALTER TABLE `mcountry`
  MODIFY `id` int(11) NOT NULL AUTO_INCREMENT, AUTO_INCREMENT=9;
--
-- 使用表AUTO_INCREMENT `mdraft`
--
ALTER TABLE `mdraft`
  MODIFY `id` int(11) NOT NULL AUTO_INCREMENT;
--
-- 使用表AUTO_INCREMENT `mip`
--
ALTER TABLE `mip`
  MODIFY `id` int(255) NOT NULL AUTO_INCREMENT;
--
-- 使用表AUTO_INCREMENT `mlocation`
--
ALTER TABLE `mlocation`
  MODIFY `id` int(11) NOT NULL AUTO_INCREMENT, AUTO_INCREMENT=22;
--
-- 使用表AUTO_INCREMENT `mmessage`
--
ALTER TABLE `mmessage`
  MODIFY `id` int(11) NOT NULL AUTO_INCREMENT;
--
-- 使用表AUTO_INCREMENT `mpassword`
--
ALTER TABLE `mpassword`
  MODIFY `id` int(11) NOT NULL AUTO_INCREMENT, AUTO_INCREMENT=84;
--
-- 使用表AUTO_INCREMENT `mphoto`
--
ALTER TABLE `mphoto`
  MODIFY `id` int(11) NOT NULL AUTO_INCREMENT, AUTO_INCREMENT=111;
--
-- 使用表AUTO_INCREMENT `mpost`
--
ALTER TABLE `mpost`
  MODIFY `id` int(11) NOT NULL AUTO_INCREMENT, AUTO_INCREMENT=130;
--
-- 使用表AUTO_INCREMENT `mtoken`
--
ALTER TABLE `mtoken`
  MODIFY `id` int(255) NOT NULL AUTO_INCREMENT;
--
-- 使用表AUTO_INCREMENT `murl`
--
ALTER TABLE `murl`
  MODIFY `id` int(255) NOT NULL AUTO_INCREMENT;
--
-- 使用表AUTO_INCREMENT `muser`
--
ALTER TABLE `muser`
  MODIFY `id` int(11) NOT NULL AUTO_INCREMENT, AUTO_INCREMENT=73;
--
-- 限制导出的表
--

--
-- 限制表 `mdraft`
--
ALTER TABLE `mdraft`
  ADD CONSTRAINT `FK_CA56GGFYFUY8678RS` FOREIGN KEY (`category_id`) REFERENCES `mcategory` (`id`);

--
-- 限制表 `mmessage`
--
ALTER TABLE `mmessage`
  ADD CONSTRAINT `FK_CA5FYGIUGIU45456BHUH` FOREIGN KEY (`user_id`) REFERENCES `muser` (`id`);

--
-- 限制表 `mpassword`
--
ALTER TABLE `mpassword`
  ADD CONSTRAINT `FK_1BC5EBE1A76ED395` FOREIGN KEY (`user_id`) REFERENCES `muser` (`id`);

--
-- 限制表 `mphoto`
--
ALTER TABLE `mphoto`
  ADD CONSTRAINT `FK_D73DCE22A76ED395` FOREIGN KEY (`user_id`) REFERENCES `muser` (`id`);

--
-- 限制表 `mpost`
--
ALTER TABLE `mpost`
  ADD CONSTRAINT `FK_CA565GYFDTYGYG454GUIG` FOREIGN KEY (`category_id`) REFERENCES `mcategory` (`id`),
  ADD CONSTRAINT `FK_CA5FYFUYDTRTD5675HUH` FOREIGN KEY (`draft_id`) REFERENCES `mdraft` (`id`),
  ADD CONSTRAINT `FK_DC4EF770A76ED395` FOREIGN KEY (`user_id`) REFERENCES `muser` (`id`);

--
-- 限制表 `murl`
--
ALTER TABLE `murl`
  ADD CONSTRAINT `FK_CA565GYFTF456FDT` FOREIGN KEY (`category_id`) REFERENCES `mcategory` (`id`);

--
-- 限制表 `muser`
--
ALTER TABLE `muser`
  ADD CONSTRAINT `FK_DC4EF770A76ED5786876` FOREIGN KEY (`draft_id`) REFERENCES `mdraft` (`id`),
  ADD CONSTRAINT `FK_DC4EF77SHFSHFSH5675675` FOREIGN KEY (`country_id`) REFERENCES `mcountry` (`id`),
  ADD CONSTRAINT `FK_GGYUGYGVDF345356` FOREIGN KEY (`location_id`) REFERENCES `mlocation` (`id`);

/*!40101 SET CHARACTER_SET_CLIENT=@OLD_CHARACTER_SET_CLIENT */;
/*!40101 SET CHARACTER_SET_RESULTS=@OLD_CHARACTER_SET_RESULTS */;
/*!40101 SET COLLATION_CONNECTION=@OLD_COLLATION_CONNECTION */;

